id,fund_manager,fund,fund_all_names,fund_tickers_sec,classes,e_vote,s_vote,g_vote,e_support,s_support,g_support,e_support_total,s_support_total,g_support_total,fund_is_esg
1,1,Vanguard Mid-Cap Growth Fund,['Vanguard Mid-Cap Growth Fund'],['VMGRX'],Investor Shares,2,4,12,50,37.5,75,1,1.5,9,0
2,1,Vanguard High Dividend Yield Index Fund,['Vanguard High Dividend Yield Index Fund'],"['VHDYX', 'VYM', 'VHYAX']",['Investor Shares' 'ETF Shares'],69,136,136,16.66666667,21.69117647,10.29411765,11.5,29.5,14,0
3,1,Vanguard Global Minimum Volatility Fund,['Vanguard Global Minimum Volatility Fund'],"['VMNVX', 'VMVFX']",['Admiral Shares' 'Investor Shares'],21,52,49,4.761904762,7.692307692,22.44897959,1,4,11,0
4,1,Vanguard Explorer Value Fund,['Vanguard Explorer Value Fund'],['VEVFX'],Investor Shares,1,2,6,50,50,50,0.5,1,3,0
5,1,Vanguard Russell 1000 Growth Index Fund,['Vanguard Russell 1000 Growth Index Fund'],"['VRGWX', 'VONG']",['ETF Shares' 'Institutional Shares'],37,102,123,17.56756757,24.50980392,17.07317073,6.5,25,21,0
6,1,Vanguard Russell 2000 Index Fund,['Vanguard Russell 2000 Index Fund'],"['VRTIX', 'VTWO']",['Institutional Shares' 'ETF Shares'],6,2,28,25,50,32.14285714,1.5,1,9,0
7,1,Vanguard Russell 2000 Growth Index Fund,['Vanguard Russell 2000 Growth Index Fund'],"['VRTGX', 'VTWG']",['Institutional Shares' 'ETF Shares'],16,23,95,31.25,30.43478261,66.31578947,5,7,63,0
8,0,iShares MSCI EAFE International Index Fund,"['BlackRock International Index Fund', 'iShares MSCI EAFE International Index Fund']",['MCGGX'],['Class K' 'Institutional' 'Investor A' 'Investor P Shares'],33,19,12,0,0,0,0,0,0,0
9,2,State Street Institutional International Equity Fund,"['International Equity Fund', 'State Street Institutional International Equity Fund']","['GIEIX', 'GIESX', 'SIEIX', 'SIESX']",['Investment Class' 'Service Class'],0,1,2,,0,0,0,0,0,0
10,2,State Street Institutional Premier Growth Equity Fund,"['Premier Growth Equity Fund', 'State Street Institutional Premier Growth Equity Fund']","['GEIPX', 'GEPSX', 'SSPGX', 'SSPSX']",['Investment Class' 'Service Class'],7,32,23,0,0,39.13043478,0,0,9,0
11,2,State Street Institutional S&P 500 Index Fund,"['S&P 500 Index Fund', 'State Street Institutional S&P 500 Index Fund']","['GIDIX', 'GIDSX', 'SIDIX', 'SIDSX']",['Service Class' 'Investment Class'],113,310,476,21.68141593,17.41935484,31.09243697,24.5,54,148,0
12,2,State Street Institutional Small-Cap Equity Fund,"['Small-Cap Equity Fund', 'State Street Institutional Small-Cap Equity Fund']","['GSVIX', 'GSQSX', 'SIVIX', 'SSQSX']",['Investment Class' 'Service Class'],3,2,15,33.33333333,50,80,1,1,12,0
13,2,State Street Institutional Strategic Investment Fund,"['Strategic Investment Fund', 'State Street Institutional Strategic Investment Fund']","['GSIVX', 'GSRVX', 'SIIVX', 'SISVX']",['Investment Class' 'Service Class'],90,237,250,0,0.843881857,24.8,0,2,62,0
14,2,State Street Institutional U.S. Equity Fund,"['U.S. Equity Fund', 'State Street Institutional U.S. Equity Fund']","['GUSSX', 'GUSIX', 'SUSIX', 'SUSSX']",['Service Class' 'Investment Class'],38,129,131,0,0.775193798,19.08396947,0,1,25,0
15,2,State Street Institutional U.S. Large-Cap Core Equity Fund,"['Core Value Equity Fund', 'U.S. Large-Cap Core Equity Fund', 'State Street Institutional U.S. Large-Cap Core Equity Fund']","['GEIVX', 'GEVSX', 'SILCX', 'SSLVX']",['Service Class' 'Investment Class'],46,151,175,8.695652174,6.953642384,22.28571429,4,10.5,39,0
16,0,BlackRock Global Growth Fund,"['BLACKROCK GLOBAL GROWTH FUND, INC.']",['MCGGX'],['Investor A' 'Investor B' 'Investor C' 'Institutional' 'Class R'],39,83,110,2.564102564,8.43373494,41.81818182,1,7,46,0
17,1,Vanguard Wellesley Income Fund,['VANGUARD WELLESLEY INCOME FUND'],"['VWINX', 'VWIAX']",['Investor Shares' 'Admiral Shares'],116,279,290,20.25862069,15.05376344,3.793103448,23.5,42,11,0
18,1,Vanguard Wellington Fund,['VANGUARD WELLINGTON FUND'],"['VWELX', 'VWENX']",['Investor Shares' 'Admiral Shares'],132,318,407,21.59090909,24.68553459,8.353808354,28.5,78.5,34,0
19,1,Vanguard U.S. Liquidity Factor ETF,['Vanguard U.S. Liquidity Factor ETF'],['VFLQ'],ETF Shares,17,17,26,35.29411765,11.76470588,11.53846154,6,2,3,0
20,1,Vanguard U.S. Multifactor ETF,['Vanguard U.S. Multifactor ETF'],['VFMF'],ETF Shares,6,50,61,0,6,24.59016393,0,3,15,0
21,0,BlackRock Master SmallCap Growth Portfolio,['BlackRock Master SmallCap Growth Portfolio'],['PSGIX'],BlackRock Master SmallCap Growth Portfolio,10,10,29,0,0,93.10344828,0,0,27,0
22,0,BlackRock Master International Portfolio,['BlackRock Master International Portfolio'],[],BlackRock Master International Portfolio,1,4,8,0,0,50,0,0,4,0
23,0,BlackRock International Fund,['BlackRock International Fund'],['MAILX'],['Class K' 'Class R Shares' 'Institutional' 'Investor A' 'Investor C'],0,2,0,,0,,0,0,0,0
24,1,Vanguard Real Estate II Index Fund,"['Vanguard REIT II Index Fund', 'Vanguard Real Estate II Index Fund']",['VRTPX'],Vanguard Real Estate II Index Fund,0,5,1,,40,0,0,2,0,0
25,2,The Consumer Discretionary Select Sector SPDR Fund,"['Consumer Discretionary Select Sector SPDR Fund', 'The Consumer Discretionary Select Sector SPDR Fund']",['XLY'],Consumer Discretionary Select Sector SPDR Fund,47,140,220,27.65957447,40.71428571,44.77272727,13,57,98.5,0
26,2,The Consumer Staples Select Sector SPDR Fund,"['Consumer Staples Select Sector SPDR Fund', 'The Consumer Staples Select Sector SPDR Fund']",['XLP'],Consumer Staples Select Sector SPDR Fund,82,106,87,16.46341463,24.05660377,39.08045977,13.5,25.5,34,0
27,2,The Energy Select Sector SPDR Fund,"['Energy Select Sector SPDR Fund', 'The Energy Select Sector SPDR Fund']",['XLE'],Energy Select Sector SPDR Fund,138,113,94,42.39130435,37.61061947,27.12765957,58.5,42.5,25.5,0
28,2,The Financial Select Sector SPDR Fund,"['Financial Select Sector SPDR Fund', 'The Financial Select Sector SPDR Fund']",['XLF'],Financial Select Sector SPDR Fund,28,131,118,44.64285714,20.22900763,19.06779661,12.5,26.5,22.5,0
29,2,The Health Care Select Sector SPDR Fund,"['Health Care Select Sector SPDR Fund', 'The Health Care Select Sector SPDR Fund']",['XLV'],Health Care Select Sector SPDR Fund,18,88,185,47.22222222,22.72727273,21.35135135,8.5,20,39.5,0
30,2,The Industrial Select Sector SPDR Fund,"['Industrial Select Sector SPDR Fund', 'The Industrial Select Sector SPDR Fund']",['XLI'],Industrial Select Sector SPDR Fund,25,129,220,66,31.39534884,22.72727273,16.5,40.5,50,0
31,2,The Materials Select Sector SPDR Fund,"['Materials Select Sector SPDR Fund', 'The Materials Select Sector SPDR Fund']",['XLB'],Materials Select Sector SPDR Fund,24,37,56,33.33333333,33.78378378,31.25,8,12.5,17.5,0
32,2,The Technology Select Sector SPDR Fund,"['Technology Select Sector SPDR Fund', 'The Technology Select Sector SPDR Fund']",['XLK'],Technology Select Sector SPDR Fund,21,158,155,19.04761905,21.83544304,30.96774194,4,34.5,48,0
33,2,The Utilities Select Sector SPDR Fund,"['Utilities Select Sector SPDR Fund', 'The Utilities Select Sector SPDR Fund']",['XLU'],Utilities Select Sector SPDR Fund,65,65,86,27.69230769,52.30769231,18.60465116,18,34,16,0
34,2,The Real Estate Select Sector SPDR Fund,"['THE REAL ESTATE SELECT SECTOR SPDR FUND', 'The Real Estate Select Sector SPDR Fund']",['XLRE'],The Real Estate Select Sector SPDR Fund,1,4,2,0,0,0,0,0,0,0
35,2,The Communication Services Select Sector SPDR Fund,['The Communication Services Select Sector SPDR Fund'],['XLC'],The Communication Services Select Sector SPDR Fund,1,12,19,100,25,55.26315789,1,3,10.5,0
36,2,SPDR Portfolio Total Stock Market ETF,"['SPDR(R) Dow Jones Total Market ETF', 'SPDR(R) Russell 3000 ETF', 'SPDR(R) Portfolio Total Stock Market ETF']","['TMW', 'THRK', 'SPTM']",SPDR(R) Portfolio Total Stock Market ETF,524,975,1446,37.30916031,31.43589744,37.13692946,195.5,306.5,537,0
37,2,SPDR S&P 600 Small Cap Value ETF,"['SPDR(R) Dow Jones Small Cap Value ETF', 'SPDR(R) S & P 600 Small Cap Value ETF']","['DSV', 'SLYV']",SPDR(R) S & P 600 Small Cap Value ETF,39,38,229,56.41025641,34.21052632,55.24017467,22,13,126.5,0
38,2,SPDR Global Dow ETF,"['SPDR(R) DJ Global Titans ETF', 'SPDR(R) Global Dow ETF']",['DGT'],SPDR(R) Global Dow ETF,149,473,447,22.81879195,17.65327696,18.90380313,34,83.5,84.5,0
39,2,SPDR Dow Jones REIT ETF,['SPDR(R) Dow Jones REIT ETF'],['RWR'],SPDR(R) Dow Jones REIT ETF,5,5,50,50,50,50,2.5,2.5,25,0
40,2,SPDR S&P Bank ETF,"['SPDR(R) KBW Bank ETF', 'SPDR(R) S&P Bank ETF']",['KBE'],SPDR(R) S&P Bank ETF,8,78,79,31.25,21.79487179,15.82278481,2.5,17,12.5,0
41,2,SPDR S&P Capital Markets ETF,"['SPDR(R) KBW Capital Markets ETF', 'SPDR(R) S&P Capital Markets ETF']",['KCE'],SPDR(R) S&P Capital Markets ETF,8,51,33,6.25,24.50980392,28.78787879,0.5,12.5,9.5,0
42,2,SPDR S&P Insurance ETF,"['SPDR(R) KBW Insurance ETF', 'SPDR(R) S&P Insurance ETF']",['KIE'],SPDR(R) S&P Insurance ETF,7,26,24,57.14285714,34.61538462,37.5,4,9,9,0
43,2,SPDR NYSE Technology ETF,"['SPDR(R) Morgan Stanley Technology ETF', 'SPDR(R) NYSE Technology ETF']","['MTK', 'XNTK']",SPDR(R) Morgan Stanley Technology ETF,27,170,169,22.22222222,22.05882353,52.07100592,6,37.5,88,0
44,2,SPDR S&P Dividend ETF,['SPDR(R) S&P(R) Dividend ETF'],['SDY'],SPDR(R) S&P(R) Dividend ETF,51,89,104,39.21568627,21.91011236,25.48076923,20,19.5,26.5,0
45,2,SPDR Portfolio Large Cap ETF,"['SPDR(R) Dow Jones Large Cap ETF', 'SPDR(R) Russell 1000 ETF', 'SPDR(R) Portfolio Large Cap ETF']","['ELR', 'ONEK', 'SPLG']",SPDR(R) Russell 1000 ETF,529,1047,1355,35.82230624,30.32473734,30.92250923,189.5,317.5,419,0
46,2,SPDR Portfolio S&P 500 Growth ETF,"['SPDR(R) Dow Jones Large Cap Growth ETF', 'SPDR(R) S & P 500 Growth ETF', 'SPDR(R) Portfolio S&P 500 Growth ETF']","['ELG', 'SPYG']",SPDR(R) S & P 500 Growth ETF,213,574,700,30.75117371,28.31010453,33.92857143,65.5,162.5,237.5,0
47,2,SPDR Portfolio S&P 500 Value ETF,"['SPDR(R) Dow Jones Large Cap Value ETF', 'SPDR(R) S & P 500 Value ETF', 'SPDR(R) Portfolio S&P 500 Value ETF']","['ELV', 'SPYV']",SPDR(R) S & P 500 Value ETF,407,834,1047,32.18673219,29.25659472,25.21489971,131,244,264,0
48,2,SPDR Portfolio Mid Cap ETF,"['SPDR(R) Dow Jones Mid Cap ETF', 'SPDR(R) Russell Small Cap Completeness ETF', 'SPDR(R) S&P 1000 ETF', 'SPDR(R) Portfolio Mid Cap ETF']","['EMM', 'RSCO', 'SMD', 'SPMD']",SPDR(R) Russell Small Cap Completeness ETF,104,71,306,56.25,47.18309859,63.07189542,58.5,33.5,193,0
49,2,SPDR S&P 400 Mid Cap Growth ETF,"['SPDR(R) Dow Jones Mid Cap Growth ETF', 'SPDR(R) S & P 400 Mid Cap Growth ETF']","['EMG', 'MDYG']",SPDR(R) S & P 400 Mid Cap Growth ETF,27,28,85,51.85185185,46.42857143,50,14,13,42.5,0
50,2,SPDR S&P 400 Mid Cap Value ETF,"['SPDR(R) Dow Jones Mid Cap Value ETF', 'SPDR(R) S & P 400 Mid Cap Value ETF']","['EMV', 'MDYV']",SPDR(R) S & P 400 Mid Cap Value ETF,59,37,147,59.3220339,50,49.31972789,35,18.5,72.5,0
51,2,SPDR S&P 600 Small Cap ETF,"['SPDR(R) Dow Jones Small Cap ETF', 'SPDR(R) S & P 600 Small Cap ETF']","['DSC', 'SLY']",SPDR(R) S & P 600 Small Cap ETF,15,11,82,63.33333333,36.36363636,76.2195122,9.5,4,62.5,0
52,2,SPDR S&P 600 Small Cap Growth ETF,"['SPDR(R) Dow Jones Small Cap Growth ETF', 'SPDR(R) S & P 600 Small Cap Growth ETF']","['DSG', 'SLYG']",SPDR(R) S & P 600 Small Cap Growth ETF,20,10,73,52.5,45,62.32876712,10.5,4.5,45.5,0
53,2,SPDR S&P Biotech ETF,['SPDR(R) S&P(R) Biotech ETF'],['XBI'],SPDR(R) S&P(R) Biotech ETF,6,17,45,58.33333333,14.70588235,30,3.5,2.5,13.5,0
54,2,SPDR S&P Homebuilders ETF,['SPDR(R) S&P(R) Homebuilders ETF'],['XHB'],SPDR(R) S&P(R) Homebuilders ETF,7,14,33,35.71428571,35.71428571,45.45454545,2.5,5,15,0
55,2,SPDR S&P Semiconductor ETF,['SPDR(R) S&P(R) Semiconductor ETF'],['XSD'],SPDR(R) S&P(R) Semiconductor ETF,0,4,17,,12.5,35.29411765,0,0.5,6,0
56,2,SPDR S&P Aerospace & Defense ETF,['SPDR(R) S&P(R) Aerospace & Defense ETF'],['XAR'],SPDR(R) S&P(R) Aerospace & Defense ETF,2,26,55,100,19.23076923,16.36363636,2,5,9,0
57,2,SPDR S&P Oil & Gas Exploration & Production ETF,['SPDR(R) S&P(R) Oil & Gas Exploration & Production ETF'],['XOP'],SPDR(R) S&P(R) Oil & Gas Exploration & Production ETF,122,104,63,38.52459016,30.28846154,34.92063492,47,31.5,22,0
58,2,SPDR S&P Pharmaceuticals ETF,['SPDR(R) S&P(R) Pharmaceuticals ETF'],['XPH'],SPDR(R) S&P(R) Pharmaceuticals ETF,5,36,51,40,15.27777778,4.901960784,2,5.5,2.5,0
59,2,SPDR S&P Retail ETF,['SPDR(R) S&P(R) Retail ETF'],['XRT'],SPDR(R) S&P(R) Retail ETF,39,72,132,28.20512821,34.02777778,48.10606061,11,24.5,63.5,0
60,2,SPDR S&P Telecom ETF,['SPDR(R) S&P(R) Telecom ETF'],['XTL'],SPDR(R) S&P(R) Telecom ETF,3,49,43,33.33333333,18.36734694,25.58139535,1,9,11,0
61,2,SPDR S&P Transportation ETF,['SPDR(R) S&P(R) Transportation ETF'],['XTN'],SPDR(R) S&P(R) Transportation ETF,10,40,81,65,43.75,43.20987654,6.5,17.5,35,0
62,2,SPDR S&P Regional Banking ETF,"['SPDR(R) KBW Regional Banking(SM) ETF', 'SPDR(R) S&P Regional Banking(SM) ETF']",['KRE'],SPDR(R) S&P Regional Banking(SM) ETF,2,9,39,50,55.55555556,58.97435897,1,5,23,0
63,2,SPDR S&P Mortgage Finance ETF,"['SPDR(R) KBW Mortgage Finance(SM) ETF', 'SPDR(R) S&P Mortgage Finance(SM) ETF']",['KME'],SPDR(R) S&P Mortgage Finance(SM) ETF,10,7,22,50,14.28571429,36.36363636,5,1,8,0
64,2,SPDR S&P Software & Services ETF,"['SPDR(R) S&P(R) Computer Software ETF', 'SPDR(R) S&P(R) Software & Services ETF']",['XSW'],SPDR(R) S&P(R) Software & Services ETF,9,62,66,22.22222222,27.41935484,53.03030303,2,17,35,0
65,2,SPDR S&P Health Care Equipment ETF,['SPDR(R) S&P(R) Health Care Equipment ETF'],['XHE'],SPDR(R) S&P(R) Health Care Equipment ETF,9,5,39,50,10,47.43589744,4.5,0.5,18.5,0
66,2,SPDR S&P Health Care Services ETF,['SPDR(R) S&P(R) Health Care Services ETF'],['XHS'],SPDR(R) S&P(R) Health Care Services ETF,8,33,46,75,39.39393939,26.08695652,6,13,12,0
67,2,SPDR S&P Metals & Mining ETF,['SPDR(R) S&P(R) Metals & Mining ETF'],['XME'],SPDR(R) S&P(R) Metals & Mining ETF,18,17,27,55.55555556,70.58823529,40.74074074,10,12,11,0
68,2,SPDR S&P Oil & Gas Equipment & Services ETF,['SPDR(R) S&P(R) Oil & Gas Equipment & Services ETF'],['XES'],SPDR(R) S&P(R) Oil & Gas Equipment & Services ETF,4,9,24,87.5,55.55555556,43.75,3.5,5,10.5,0
70,2,SPDR Wells Fargo Preferred Stock ETF,['SPDR(R) Wells Fargo Preferred Stock ETF'],['PSK'],SPDR(R) Wells Fargo Preferred Stock ETF,0,4,13,,0,0,0,0,0,0
71,2,SPDR S&P 1500 Value Tilt ETF,['SPDR S&P 1500 Value Tilt ETF'],['VLU'],SPDR S&P 1500 Value Tilt ETF,403,859,1073,36.4764268,29.33643772,35.88070829,147,252,385,0
72,2,SPDR S&P 1500 Momentum Tilt ETF,['SPDR S&P 1500 Momentum Tilt ETF'],['MMTM'],SPDR S&P 1500 Momentum Tilt ETF,397,857,1055,35.76826196,28.76312719,35.5450237,142,246.5,375,0
74,2,SPDR SSGA US Large Cap Low Volatility Index ETF,"['SPDR Russell 1000 Low Volatility ETF', 'SPDR SSGA US Large Cap Low Volatility Index ETF']",['LGLV'],SPDR Russell 1000 Low Volatility ETF,108,300,264,29.16666667,20.33333333,28.21969697,31.5,61,74.5,0
75,2,SPDR SSGA US Small Cap Low Volatility Index ETF,"['SPDR Russell 2000 Low Volatility ETF', 'SPDR SSGA US Small Cap Low Volatility Index ETF']",['SMLV'],SPDR Russell 2000 Low Volatility ETF,22,21,85,43.18181818,35.71428571,74.70588235,9.5,7.5,63.5,0
76,2,SPDR Russell Small Cap Completeness ETF,['SPDR Russell Small Cap Completeness(R) ETF'],['SPMD'],SPDR Russell Small Cap Completeness(R) ETF,9,11,51,61.11111111,50,58.82352941,5.5,5.5,30,0
77,2,SPDR Portfolio Small Cap ETF,"['SPDR Russell 2000 (R) ETF', 'SPDR(R) Portfolio Small Cap ETF']","['TWOK', 'SPSM']",SPDR(R) Portfolio Small Cap ETF,125,282,584,43.2,25,52.9109589,54,70.5,309,0
78,2,SPDR S&P 500 Buyback ETF,['SPDR S&P 500(R) Buyback ETF'],['SPYB'],SPDR S&P 500(R) Buyback ETF,35,113,123,20,33.62831858,21.13821138,7,38,26,0
79,2,SPDR MSCI USA StrategicFactors ETF,"['SPDR MSCI USA Quality Mix ETF', 'SPDR MSCI USA StrategicFactors ETF']",['QUS'],SPDR MSCI USA StrategicFactors ETF,303,688,671,40.2640264,29.06976744,30.32786885,122,200,203.5,0
80,2,SPDR Portfolio S&P 500 High Dividend ETF,"['SPDR S&P 500 High Dividend ETF', 'SPDR(R) Portfolio S&P 500 High Dividend ETF']",['SPYD'],SPDR(R) Portfolio S&P 500 High Dividend ETF,113,186,184,31.4159292,19.08602151,27.44565217,35.5,35.5,50.5,0
81,2,SPDR FactSet Innovative Technology ETF,['SPDR FactSet Innovative Technology ETF'],['XITK'],SPDR FactSet Innovative Technology ETF,6,62,65,33.33333333,20.96774194,73.84615385,2,13,48,0
82,2,SPDR S&P 500 Fossil Fuel Reserves Free ETF,"['SPDR S&P 500 Fossil Fuel Free ETF', 'SPDR S&P 500 Fossil Fuel Reserves Free ETF']",['SPYX'],SPDR S&P 500 Fossil Fuel Reserves Free ETF,130,402,413,33.84615385,28.73134328,28.20823245,44,115.5,116.5,0
83,2,SPDR Russell 1000 Yield Focus ETF,"['SPDR Russell 1000 Core Yield ETF', 'SPDR Russell 1000 Yield Focus ETF']",['ONEY'],SPDR Russell 1000 Yield Focus ETF,51,76,97,38.23529412,48.02631579,43.29896907,19.5,36.5,42,0
84,2,SPDR Russell 1000 Momentum Focus ETF,"['SPDR Russell 1000 Core Momentum ETF', 'SPDR Russell 1000 Momentum Focus ETF']",['ONEO'],SPDR Russell 1000 Momentum Focus ETF,178,422,449,42.97752809,31.39810427,32.85077951,76.5,132.5,147.5,0
85,2,SPDR Russell 1000 Low Volatility Focus ETF,"['SPDR Russell 1000 Core Low Volatility ETF', 'SPDR Russell 1000 Low Volatility Focus ETF']",['ONEV'],SPDR Russell 1000 Core Low Volatility ETF,57,110,137,28.94736842,39.09090909,36.86131387,16.5,43,50.5,0
86,2,SPDR SSGA Gender Diversity Index ETF,['SPDR SSGA Gender Diversity Index ETF'],['SHE'],SPDR SSGA Gender Diversity Index ETF,40,106,102,17.5,22.16981132,32.84313725,7,23.5,33.5,1
87,2,SPDR S&P Technology Hardware ETF,['SPDR S&P Technology Hardware ETF'],['XTH'],SPDR S&P Technology Hardware ETF,0,7,10,,14.28571429,20,0,1,2,0
88,2,SPDR S&P Internet ETF,['SPDR S&P Internet ETF'],['XWEB'],SPDR S&P Internet ETF,3,15,24,50,26.66666667,72.91666667,1.5,4,17.5,0
89,2,SPDR S&P Kensho Intelligent Structures ETF,"['SPDR Kensho Intelligent Infrastructure ETF', 'SPDR Kensho Intelligent Structures ETF', 'SPDR S&P Kensho Intelligent Structures ETF']","['XKII', 'SIMS']",SPDR S&P Kensho Intelligent Structures ETF,2,8,13,100,37.5,50,2,3,6.5,0
90,2,SPDR S&P Kensho Smart Mobility ETF,"['SPDR Kensho Smart Transportation ETF', 'SPDR Kensho Smart Mobility ETF', 'SPDR S&P Kensho Smart Mobility ETF']","['XKST', 'HAIL']",SPDR Kensho Smart Mobility ETF,9,23,32,0,4.347826087,56.25,0,1,18,0
91,2,SPDR S&P Kensho Future Security ETF,"['SPDR Kensho Future Security ETF', 'SPDR S&P Kensho Future Security ETF']","['XKFS', 'FITE']",SPDR S&P Kensho Future Security ETF,2,5,15,100,30,23.33333333,2,1.5,3.5,0
92,2,SPDR S&P Kensho Clean Power ETF,['SPDR S&P Kensho Clean Power ETF'],['CNRG'],SPDR S&P Kensho Clean Power ETF,0,4,7,,50,14.28571429,0,2,1,1
93,2,SPDR S&P Kensho Final Frontiers ETF,['SPDR S&P Kensho Final Frontiers ETF'],['ROKT'],SPDR S&P Kensho Final Frontiers ETF,1,4,4,100,37.5,25,1,1.5,1,0
94,2,SPDR S&P Kensho New Economies Composite ETF,['SPDR S&P Kensho New Economies Composite ETF'],['KOMP'],SPDR S&P Kensho New Economies Composite ETF,2,29,33,100,29.31034483,50,2,8.5,16.5,0
95,1,Vanguard Windsor Fund,['Vanguard Windsor Fund'],"['VWNDX', 'VWNEX']",['Investor Shares' 'Admiral Shares'],95,357,458,27.89473684,23.80952381,11.24454148,26.5,85,51.5,0
96,1,Vanguard Windsor II Fund,['Vanguard Windsor II Fund'],"['VWNFX', 'VWNAX']",['Admiral Shares' 'Investor Shares'],20,56,69,0,1.785714286,7.246376812,0,1,5,0
97,2,State Street Equity 500 Index Portfolio,['State Street Equity 500 Index Portfolio'],['SSEYX'],State Street Equity 500 Index Portfolio,589,1341,1805,27.67402377,25.72706935,27.97783934,163,345,505,0
98,2,State Street International Developed Equity Index Portfolio,['State Street International Developed Equity Index Portfolio'],['SSIHX'],State Street International Developed Equity Index Portfolio,52,35,18,0.961538462,1.428571429,36.11111111,0.5,0.5,6.5,0
99,0,BlackRock Advantage Large Cap Core Fund,"['BlackRock Large Cap Core Fund', 'BlackRock Advantage Large Cap Core Fund']",['MALRX'],"['Investor A' 'Investor B' 'Investor C' 'Institutional' 'Class R'
 'Service']",74,182,196,2.702702703,4.945054945,37.24489796,2,9,73,0
100,0,BlackRock Event Driven Equity Fund,"['BlackRock Large Cap Core Plus Fund', 'BlackRock Event Driven Equity Fund']",['BILPX'],['Institutional' 'Investor A' 'Investor C'],13,25,36,7.692307692,0,19.44444444,1,0,7,0
101,0,BlackRock Balanced Capital Fund,"['BLACKROCK BALANCED CAPITAL FUND, INC.']",['MACPX'],['Investor B' 'Investor C' 'Institutional' 'Class R' 'Investor A'],0,4,2,,0,0,0,0,0,0
102,0,iShares Global Tech ETF,"['iShares S&P Global Technology Sector Index Fund', 'iShares Global Tech ETF']",['IXN'],iShares S&P Global Technology Sector Index Fund,0,0,6,,,16.66666667,0,0,1,0
103,0,iShares S&P 100 ETF,"['iShares S&P 100 Index Fund', 'iShares S&P 100 ETF']",['OEF'],iShares S&P 100 Index Fund,0,0,4,,,0,0,0,0,0
105,0,iShares Select Dividend ETF,"['iShares Dow Jones Select Dividend Index Fund', 'iShares Select Dividend ETF']",['DVY'],iShares Dow Jones Select Dividend Index Fund,0,0,4,,,0,0,0,0,0
106,0,iShares JPX-Nikkei 400 ETF,"['iShares S&P/TOPIX 150 Index Fund', 'iShares Japan Large-Cap ETF', 'iShares JPX-Nikkei 400 ETF']","['ITF', 'JPXN']",iShares S&P/TOPIX 150 Index Fund,5,10,28,0,0,10.71428571,0,0,3,0
107,0,iShares MSCI EAFE ETF,"['iShares MSCI EAFE Index Fund', 'iShares MSCI EAFE ETF']",['EFA'],iShares MSCI EAFE Index Fund,7,9,39,0,0,5.128205128,0,0,2,0
110,0,iShares Global Financials ETF,"['iShares S&P Global Financials Sector Index Fund', 'iShares Global Financials ETF']",['IXG'],iShares S&P Global Financials Sector Index Fund,0,1,24,,0,0,0,0,0,0
112,0,iShares Global Comm Services ETF,"['iShares S&P Global Telecommunications Sector Index Fund', 'iShares Global Telecom ETF', 'iShares Global Comm Services ETF']",['IXP'],iShares S&P Global Telecommunications Sector Index Fund,0,0,6,,,0,0,0,0,0
113,0,iShares MSCI USA ESG Select ETF,"['iShares FTSE KLD Select Social Index Fund', 'iShares MSCI USA ESG Select Social Index Fund', 'iShares MSCI USA ESG Select ETF']","['KLD', 'SUSA']",iShares FTSE KLD Select Social Index Fund,35,102,200,68.57142857,92.15686275,94.5,24,94,189,1
115,0,iShares Global Industrials ETF,"['iShares S&P Global Industrials Sector Index Fund', 'iShares Global Industrials ETF']",['EXI'],iShares S&P Global Industrials Sector Index Fund,0,1,7,,0,0,0,0,0,0
116,0,iShares Global Utilities ETF,"['iShares S&P Global Utilities Sector Index Fund', 'iShares Global Utilities ETF']",['JXI'],iShares S&P Global Utilities Sector Index Fund,3,4,4,0,0,0,0,0,0,0
118,0,iShares MSCI KLD 400 Social ETF,"['iShares FTSE KLD 400 Social Index Fund', 'iShares MSCI KLD 400 Social Index Fund', 'iShares MSCI KLD 400 Social ETF']",['DSI'],iShares FTSE KLD 400 Social Index Fund,24,72,171,70.83333333,87.5,97.07602339,17,63,166,1
124,0,iShares Global Infrastructure ETF,"['iShares S&P Global Infrastructure Index Fund', 'iShares Global Infrastructure ETF']",['IGF'],iShares S&P Global Infrastructure Index Fund,2,4,3,0,0,0,0,0,0,0
125,0,iShares MSCI Kokusai ETF,"['iShares MSCI Kokusai Index Fund', 'iShares MSCI Kokusai ETF']",['TOK'],iShares MSCI Kokusai Index Fund,4,2,34,0,0,0,0,0,0,0
126,0,iShares MSCI ACWI ex U.S. ETF,"['iShares MSCI ACWI ex US Index Fund', 'iShares MSCI ACWI ex U.S. ETF']",['ACWX'],iShares MSCI ACWI ex US Index Fund,9,11,75,0,0,2.666666667,0,0,2,0
131,0,iShares Global Nuclear Energy ETF,"['iShares S&P Global Nuclear Energy Index Fund', 'iShares Global Nuclear Energy ETF']",['NUCL'],iShares S&P Global Nuclear Energy Index Fund,2,4,3,0,0,0,0,0,0,0
138,2,State Street Defensive Global Equity Fund,"['State Street Global Managed Volatility Fund', 'State Street Disciplined Global Equity Fund', 'State Street Defensive Global Equity Fund']","['SSGCX', 'SSGGX', 'SSGKX', 'SSGMX']",['Class C' 'Class A' 'Class K' 'Class I'],5,16,11,10,12.5,22.72727273,0.5,2,2.5,0
139,2,State Street Equity 500 Index II Portfolio,['State Street Equity 500 Index II Portfolio'],['SSEYX'],State Street Equity 500 Index II Portfolio,241,558,585,31.95020747,29.30107527,28.20512821,77,163.5,165,0
140,2,State Street Global Equity ex-U.S. Index Portfolio,['State Street Global Equity ex-U.S. Index Portfolio'],['SSGVX'],State Street Global Equity ex-U.S. Index Portfolio,134,96,98,5.970149254,4.166666667,8.673469388,8,4,8.5,0
141,2,State Street Clarion Global Real Estate Income Fund,['State Street Clarion Global Real Estate Income Fund'],"['SSRLX', 'SSRNX', 'SSRQX', 'SSRTX']",['Class A' 'Class C' 'Class I' 'Class K'],0,1,4,,0,25,0,0,1,0
142,2,State Street Hedged International Developed Equity Index Fund,['STATE STREET HEDGED INTERNATIONAL DEVELOPED EQUITY INDEX FUND'],"['SSHEX', 'SSHLX', 'SSHNX', 'SSHQX']",['Class A' 'Class C' 'Class I' 'Class K'],40,15,8,2.5,0,0,1,0,0,0
143,2,State Street International Developed Equity Index Fund,['STATE STREET INTERNATIONAL DEVELOPED EQUITY INDEX FUND'],"['SSIHX', 'SSIJX', 'SSIKX', 'SSIWX']",['Class A' 'Class C' 'Class I' 'Class K'],0,4,2,,0,0,0,0,0,0
144,2,State Street Global Value Spotlight Fund,['STATE STREET GLOBAL VALUE SPOTLIGHT FUND'],['SIAKX'],['Class A' 'Class C' 'Class I' 'Class K'],4,9,8,0,27.77777778,12.5,0,2.5,1,0
145,2,State Street International Value Spotlight Fund,['STATE STREET INTERNATIONAL VALUE SPOTLIGHT FUND'],['SIVSX'],['Class A' 'Class C' 'Class I' 'Class K'],3,1,1,0,0,0,0,0,0,0
146,2,State Street European Value Spotlight Fund,['STATE STREET EUROPEAN VALUE SPOTLIGHT FUND'],['SIBKX'],['Class A' 'Class C' 'Class I' 'Class K'],3,1,1,0,0,0,0,0,0,0
147,2,State Street Asia Pacific Value Spotlight Fund,['STATE STREET ASIA PACIFIC VALUE SPOTLIGHT FUND'],['SIDKX'],['Class A' 'Class C' 'Class I' 'Class K'],0,0,2,,,50,0,0,1,0
148,2,State Street Small/Mid Cap Equity Index Portfolio,['STATE STREET SMALL/MID CAP EQUITY INDEX PORTFOLIO'],['SSMHX'],STATE STREET SMALL/MID CAP EQUITY INDEX PORTFOLIO,119,100,358,67.64705882,42,77.37430168,80.5,42,277,0
150,2,State Street Disciplined U.S. Equity Fund,['STATE STREET DISCIPLINED U.S. EQUITY FUND'],"['SSJAX', 'SSJCX', 'SSJIX', 'SSJKX']",['Class A' 'Class I' 'Class K'],26,85,79,15.38461538,15.29411765,20.25316456,4,13,16,0
151,2,State Street Disciplined International Equity Fund,['STATE STREET DISCIPLINED INTERNATIONAL EQUITY FUND'],"['SSZAX', 'SSZCX', 'SSZIX', 'SSZKX']",['Class A' 'Class C' 'Class I' 'Class K'],0,3,0,,0,,0,0,0,0
152,2,State Street U.S. Value Spotlight Fund,['STATE STREET U.S. VALUE SPOTLIGHT FUND'],['SIEKX'],['Class A' 'Class I' 'Class K'],15,66,60,30,12.12121212,11.66666667,4.5,8,7,0
154,2,SPDR STOXX Europe 50 ETF,"['SPDR(R) DJ STOXX 50(R) ETF', 'SPDR(R) STOXX Europe 50(R) ETF']",['FEU'],SPDR(R) STOXX Europe 50(R) ETF,0,2,1,,0,0,0,0,0,0
155,2,Spdr Euro STOXX 50 Etf,"['SPDR(R) DJ EURO STOXX 50(R) ETF', 'SPDR(R) EURO STOXX 50(R) ETF']",['FEZ'],SPDR(R) EURO STOXX 50(R) ETF,0,2,1,,0,0,0,0,0,0
157,2,SPDR Portfolio Developed World ex-US ETF,"['SPDR(R) S&P(R) World ex-US ETF', 'SPDR(R) Portfolio Developed World ex-US ETF']","['GWL', 'SPDW']",SPDR(R) S&P(R) World ex-US ETF,188,140,198,5.319148936,5,9.343434343,10,7,18.5,0
158,2,SPDR S&P International Small Cap ETF,['SPDR(R) S&P(R) International Small Cap ETF'],['GWX'],SPDR(R) S&P(R) International Small Cap ETF,7,17,40,21.42857143,8.823529412,11.25,1.5,1.5,4.5,0
160,2,Spdr S&P Global Infrastructure Etf,"['SPDR(R) FTSE/MACQUARIE GLOBAL INFRASTRUCTURE 100 ETF', 'SPDR(R) S&P GLOBAL INFRASTRUCTURE ETF']",['GII'],SPDR(R) S&P GLOBAL INFRASTRUCTURE ETF,104,46,77,22.59615385,35.86956522,18.18181818,23.5,16.5,14,0
161,2,Spdr MSCI ACWI Ex-Us Etf,['SPDR(R) MSCI ACWI EX-US ETF'],['CWI'],SPDR(R) MSCI ACWI EX-US ETF,139,111,154,6.115107914,4.504504505,11.03896104,8.5,5,17,0
162,2,Spdr Russell/Nomura Prime Japan Etf,['SPDR(R) RUSSELL/NOMURA PRIME(TM) JAPAN ETF'],['JPP'],SPDR(R) RUSSELL/NOMURA PRIME(TM) JAPAN ETF,142,28,67,3.169014085,5.357142857,14.92537313,4.5,1.5,10,0
163,2,Spdr Russell/Nomura Small Cap Japan Etf,['SPDR(R) RUSSELL/NOMURA SMALL CAP(TM) JAPAN ETF'],['JSC'],SPDR(R) RUSSELL/NOMURA SMALL CAP(TM) JAPAN ETF,0,0,4,,,0,0,0,0,0
164,2,Spdr S&P Emerging Asia Pacific Etf,['SPDR(R) S&P(R) EMERGING ASIA PACIFIC ETF'],['GMF'],SPDR(R) S&P(R) EMERGING ASIA PACIFIC ETF,0,0,1,,,100,0,0,1,0
165,2,Spdr S&P China Etf,['SPDR(R) S&P(R) CHINA ETF'],['GXC'],SPDR(R) S&P(R) CHINA ETF,0,0,5,,,100,0,0,5,0
166,2,SPDR Portfolio Emerging Markets ETF,"['SPDR(R) S&P(R) EMERGING MARKETS ETF', 'SPDR(R) Portfolio Emerging Markets ETF']","['GMM', 'SPEM']",SPDR(R) Portfolio Emerging Markets ETF,0,0,1,,,100,0,0,1,0
169,2,SPDR S&P International Dividend ETF,['SPDR (R) S&P (R) International Dividend ETF'],['DWX'],SPDR (R) S&P (R) International Dividend ETF,1,5,7,0,0,0,0,0,0,0
170,2,Spdr S&P International Mid Cap Etf,['SPDR(R) S&P(R) INTERNATIONAL MID CAP ETF'],['MDD'],SPDR(R) S&P(R) INTERNATIONAL MID CAP ETF,28,14,22,0,7.142857143,9.090909091,0,1,2,0
171,2,Spdr S&P Emerging Markets Small Cap Etf,['SPDR(R) S&P(R) EMERGING MARKETS SMALL CAP ETF'],['EWX'],SPDR(R) S&P(R) EMERGING MARKETS SMALL CAP ETF,0,0,1,,,100,0,0,1,0
172,2,SPDR Dow Jones Global Real Estate ETF,['SPDR(R) Dow Jones Global Real Estate ETF'],['RWO'],SPDR(R) Dow Jones Global Real Estate ETF,5,5,50,50,50,50,2.5,2.5,25,0
173,2,SPDR S&P International Consumer Discretionary Sector ETF,['SPDR(R) S&P(R) International Consumer Discretionary Sector ETF'],['IPD'],SPDR(R) S&P(R) International Consumer Discretionary Sector ETF,0,5,0,,20,,0,1,0,0
174,2,SPDR S&P International Utilities Sector ETF,['SPDR(R) S&P(R) International Utilities Sector ETF'],['IPU'],SPDR(R) S&P(R) International Utilities Sector ETF,161,29,28,2.795031056,5.172413793,17.85714286,4.5,1.5,5,0
175,2,SPDR S&P International Consumer Staples Sector ETF,['SPDR(R) S&P(R) International Consumer Staples Sector ETF'],['IPS'],SPDR(R) S&P(R) International Consumer Staples Sector ETF,2,3,13,0,0,15.38461538,0,0,2,0
176,2,SPDR S&P International Energy Sector ETF,['SPDR(R) S&P(R) International Energy Sector ETF'],['IPW'],SPDR(R) S&P(R) International Energy Sector ETF,2,6,3,100,16.66666667,0,2,1,0,0
177,2,SPDR S&P International Financial Sector ETF,['SPDR(R) S&P(R) International Financial Sector ETF'],['IPF'],SPDR(R) S&P(R) International Financial Sector ETF,3,42,76,0,2.380952381,4.605263158,0,1,3.5,0
178,2,SPDR S&P International Health Care Sector ETF,['SPDR(R) S&P(R) International Health Care Sector ETF'],['IRY'],SPDR(R) S&P(R) International Health Care Sector ETF,0,1,0,,0,,0,0,0,0
179,2,SPDR S&P International Industrial Sector ETF,['SPDR(R) S&P(R) International Industrial Sector ETF'],['IPN'],SPDR(R) S&P(R) International Industrial Sector ETF,8,8,24,6.25,0,12.5,0.5,0,3,0
180,2,SPDR S&P International Materials Sector ETF,['SPDR(R) S&P(R) International Materials Sector ETF'],['IRV'],SPDR(R) S&P(R) International Materials Sector ETF,1,10,6,100,10,0,1,1,0,0
181,2,SPDR S&P International Technology Sector ETF,['SPDR(R) S&P(R) International Technology Sector ETF'],['IPK'],SPDR(R) S&P(R) International Technology Sector ETF,0,4,19,,25,10.52631579,0,1,2,0
182,2,SPDR S&P International Telecommunications Sector ETF,['SPDR(R) S&P(R) International Telecommunications Sector ETF'],['IST'],SPDR(R) S&P(R) International Telecommunications Sector ETF,0,10,7,,0,0,0,0,0,0
184,2,SPDR S&P Russia ETF,['SPDR(R) S&P(R) Russia ETF'],['RBL'],SPDR(R) S&P(R) Russia ETF,0,0,1,,,0,0,0,0,0
185,2,SPDR S&P Global Natural Resources ETF,"['SPDR(R) S&P(R) Global Natural Resources ETF (GNR)', 'SPDR(R) S&P(R) Global Natural Resources ETF']",['GNR'],SPDR(R) S&P(R) Global Natural Resources ETF (GNR),80,85,60,31.875,24.70588235,29.16666667,25.5,21,17.5,0
186,2,SPDR S&P Emerging Markets Dividend ETF,['SPDR(R) S&P(R) Emerging Markets Dividend ETF'],['EDIV'],SPDR(R) S&P(R) Emerging Markets Dividend ETF,0,0,1,,,100,0,0,1,0
187,2,SPDR S&P Small Cap Emerging Asia Pacific ETF,['SPDR S&P Small Cap Emerging Asia Pacific ETF'],['GMFS'],SPDR S&P Small Cap Emerging Asia Pacific ETF,0,0,5,,,100,0,0,5,0
191,2,Spdr MSCI ACWI Imi Etf,['SPDR(R) MSCI ACWI IMI ETF'],['ACIM'],SPDR(R) MSCI ACWI IMI ETF,312,673,698,24.19871795,18.42496285,23.35243553,75.5,124,163,0
192,2,SPDR S&P Global Dividend ETF,['SPDR S&P Global Dividend ETF'],['WDIV'],SPDR S&P Global Dividend ETF,29,38,66,27.5862069,10.52631579,8.333333333,8,4,5.5,0
193,2,SPDR MSCI EM Beyond BRIC ETF,['SPDR MSCI EM Beyond BRIC ETF'],['EMBB'],SPDR MSCI EM Beyond BRIC ETF,0,0,1,,,0,0,0,0,0
194,2,SPDR MSCI EAFE StrategicFactors ETF,"['SPDR MSCI EAFE Quality Mix ETF', 'SPDR MSCI EAFE StrategicFactors ETF']",['QEFA'],SPDR MSCI EAFE Quality Mix ETF,24,9,11,18.75,5.555555556,9.090909091,4.5,0.5,1,0
196,2,SPDR MSCI World StrategicFactors ETF,"['SPDR MSCI World Quality Mix ETF', 'SPDR MSCI World StrategicFactors ETF']",['QWLD'],SPDR MSCI World StrategicFactors ETF,360,596,608,22.22222222,23.74161074,24.67105263,80,141.5,150,0
200,2,SPDR Solactive United Kingdom ETF,"['SPDR MSCI United Kingdom Quality Mix ETF', 'SPDR MSCI United Kingdom StrategicFactors ETF', 'SPDR Solactive United Kingdom ETF']","['QGBR', 'ZGBR']",SPDR MSCI United Kingdom Quality Mix ETF,2,0,0,50,,,1,0,0,0
201,2,SPDR Solactive Canada ETF,"['SPDR MSCI Canada Quality Mix ETF', 'SPDR MSCI Canada StrategicFactors ETF', 'SPDR Solactive Canada ETF']","['QCAN', 'ZCAN']",SPDR MSCI Canada Quality Mix ETF,3,11,31,0,9.090909091,3.225806452,0,1,1,0
203,2,SPDR Solactive Japan ETF,"['SPDR MSCI Japan Quality Mix ETF', 'SPDR MSCI Japan StrategicFactors ETF', 'SPDR Solactive Japan ETF']","['QJPN', 'ZJPN']",SPDR MSCI Japan Quality Mix ETF,45,11,19,7.777777778,4.545454545,18.42105263,3.5,0.5,3.5,0
205,2,SPDR MSCI China A Shares IMI ETF,['SPDR MSCI China A Shares IMI ETF'],['XINA'],SPDR MSCI China A Shares IMI ETF,0,1,2,,100,100,0,1,2,0
207,2,SPDR MSCI ACWI Low Carbon Target ETF,['SPDR MSCI ACWI Low Carbon Target ETF'],['LOWC'],SPDR MSCI ACWI Low Carbon Target ETF,176,518,575,32.67045455,22.39382239,26.60869565,57.5,116,153,1
208,2,SPDR EURO STOXX 50 Currency Hedged ETF,['SPDR EURO STOXX 50 Currency Hedged ETF'],['HFEZ'],SPDR EURO STOXX 50 Currency Hedged ETF,0,1,0,,0,,0,0,0,0
209,2,SPDR STOXX Europe 50 Currency Hedged ETF,['SPDR STOXX(R) Europe 50 Currency Hedged ETF'],['HFEU'],SPDR STOXX(R) Europe 50 Currency Hedged ETF,2,0,0,50,,,1,0,0,0
210,2,SPDR MSCI International Real Estate Currency Hedged ETF,['SPDR MSCI International Real Estate Currency Hedged ETF'],['HREX'],SPDR MSCI International Real Estate Currency Hedged ETF,0,1,0,,0,,0,0,0,0
211,2,SPDR S&P North American Natural Resources ETF,['SPDR S&P North American Natural Resources ETF'],['NANR'],SPDR S&P North American Natural Resources ETF,37,32,21,55.40540541,35.9375,30.95238095,20.5,11.5,6.5,0
212,2,SPDR MSCI EAFE Fossil Fuel Reserves Free ETF,['SPDR MSCI EAFE Fossil Fuel Reserves Free ETF'],['EFAX'],SPDR MSCI EAFE Fossil Fuel Reserves Free ETF,50,28,17,1,0,38.23529412,0.5,0,6.5,1
214,2,SPDR MSCI EAFE StrategicFactors Currency Hedged ETF,['SPDR MSCI EAFE StrategicFactors Currency Hedged ETF'],['QEFA'],SPDR MSCI EAFE StrategicFactors Currency Hedged ETF,67,41,22,2.23880597,0,25,1.5,0,5.5,0
216,2,SPDR MSCI Australia StrategicFactors Currency Hedged ETF,['SPDR MSCI Australia StrategicFactors Currency Hedged ETF'],['QCAN'],SPDR MSCI Australia StrategicFactors Currency Hedged ETF,3,1,0,33.33333333,0,,1,0,0,0
217,2,SPDR MSCI Canada StrategicFactors Currency Hedged ETF,['SPDR MSCI Canada StrategicFactors Currency Hedged ETF'],['ZCAN'],SPDR MSCI Canada StrategicFactors Currency Hedged ETF,7,25,28,28.57142857,8,0,2,2,0,0
218,2,SPDR MSCI Japan StrategicFactors Currency Hedged ETF,['SPDR MSCI Japan StrategicFactors Currency Hedged ETF'],['ZJPN'],SPDR MSCI Japan StrategicFactors Currency Hedged ETF,69,17,18,0.724637681,0,22.22222222,0.5,0,4,0
219,2,SPDR MSCI United Kingdom StrategicFactors Currency Hedged ETF,['SPDR MSCI United Kingdom StrategicFactors Currency Hedged ETF'],['ZGBR'],SPDR MSCI United Kingdom StrategicFactors Currency Hedged ETF,0,1,0,,0,,0,0,0,0
220,0,BlackRock Basic Value Principal Protected Fund,['BlackRock Basic Value Principal Protected Fund'],['MBPVX'],['Investor A' 'Investor B' 'Investor C' 'Institutional'],4,19,51,0,21.05263158,54.90196078,0,4,28,0
221,0,BlackRock Fundamental Growth Principal Protected Fund,['BlackRock Fundamental Growth Principal Protected Fund'],"['MDPUX', 'MBPUX', 'MCPUX', 'MAPUX']",['Investor A' 'Investor B' 'Investor C' 'Institutional'],6,24,34,0,8.333333333,61.76470588,0,2,21,0
222,0,BlackRock Long-Horizon Equity Fund,"['BlackRock Global Dynamic Equity Fund', 'BlackRock Long-Horizon Equity Fund']",['MAEGX'],['Class R' 'Investor A' 'Investor B' 'Investor C' 'Institutional'],105,293,437,3.80952381,3.412969283,37.98627002,4,10,166,0
223,0,BlackRock Bond Portfolio,['BLACKROCK BOND PORTFOLIO'],['BIBRX'],"['BLACKROCK SHARES' 'INSTITUTIONAL SHARES' 'INVESTOR A SHARES'
 'INVESTOR B SHARES' 'INVESTOR C SHARES' 'R SHARES' 'SERVICE SHARES']",3,12,25,0,16.66666667,36,0,2,9,0
224,0,BlackRock Managed Income Portfolio,['BLACKROCK MANAGED INCOME PORTFOLIO'],['BLDIX'],"['INSTITUTIONAL SHARES' 'INVESTOR A SHARES' 'INVESTOR B SHARES'
 'INVESTOR C SHARES' 'R SHARES' 'SERVICE SHARES']",33,83,148,0,2.409638554,41.21621622,0,2,61,0
225,0,BlackRock High Yield Bond Portfolio,['BLACKROCK HIGH YIELD BOND PORTFOLIO'],['BHYAX'],"['B1 SHARES' 'C1 SHARES' 'CLASS K SHARES' 'INSTITUTIONAL SHARES'
 'INVESTOR A SHARES' 'INVESTOR B SHARES' 'INVESTOR C SHARES' 'R SHARES'
 'SERVICE SHARES']",1,6,8,0,0,0,0,0,0,0
226,0,BlackRock Global Dividend Portfolio,"['BLACKROCK INCOME BUILDER PORTFOLIO', 'BLACKROCK Global Dividend Income PORTFOLIO', 'BLACKROCK GLOBAL DIVIDEND INCOME PORTFOLIO', 'BLACKROCK GLOBAL DIVIDEND PORTFOLIO']",['BIBDX'],['Class K' 'INSTITUTIONAL SHARES' 'INVESTOR A SHARES' 'INVESTOR C SHARES'],68,182,190,1.470588235,1.098901099,33.15789474,1,2,63,0
227,0,BlackRock Multi-Asset Income Portfolio,"['BLACKROCK INCOME PORTFOLIO', 'BLACKROCK MULTI-ASSET INCOME PORTFOLIO']",[],['INSTITUTIONAL SHARES' 'INVESTOR A SHARES' 'INVESTOR C SHARES'],8,2,0,0,0,,0,0,0,0
228,0,BlackRock Strategic Income Opportunities Portfolio,['BLACKROCK STRATEGIC INCOME OPPORTUNITIES PORTFOLIO'],['BSIIX'],['Class K' 'INSTITUTIONAL SHARES' 'INVESTOR A SHARES' 'INVESTOR C SHARES'],6,25,20,0,0,5,0,0,1,0
229,0,BlackRock Credit Strategies Income Fund,"['Multi-Sector Bond Portfolio', 'BlackRock Secured Credit Portfolio', 'BlackRock Credit Strategies Income Fund']","['BIT', 'BMSIX']",['Class K Shares' 'Institutional' 'Investor A' 'Investor C'],0,0,2,,,0,0,0,0,0
231,0,BlackRock Dynamic High Income Portfolio,['BlackRock Dynamic High Income Portfolio'],['BDHIX'],['Class K' 'Institutional' 'Investor A' 'Investor C'],2,4,1,0,0,0,0,0,0,0
232,1,Vanguard Market Neutral Fund,['Vanguard Market Neutral Fund'],"['VMNFX', 'VMNIX']",['Investor Shares' 'Institutional Shares'],95,223,347,28.94736842,25.56053812,18.01152738,27.5,57,62.5,0
233,2,Direxion Daily Financial Bull 3X Shares,['Direxion Daily Financial Bull 3X Shares'],['FAS'],Direxion Daily Financial Bull 3X Shares,14,47,39,50,68.08510638,71.79487179,7,32,28,0
234,2,Direxion Daily MSCI Real Estate Bull 3X Shares,"['Direxion Daily Real Estate Bull 3X Shares', 'Direxion Daily MSCI Real Estate Bull 3X Shares']",['DRN'],Direxion Daily MSCI Real Estate Bull 3X Shares,0,1,1,,0,100,0,0,1,0
235,2,Direxion Daily Homebuilders & Supplies Bull 3X Shares,"['Direxion Daily Homebuilders Bull 3X Shares', 'Direxion Daily Homebuilders & Supplies Bull 3X Shares']","['HBG', 'NAIL']",Direxion Daily Homebuilders & Supplies Bull 3X Shares,0,2,2,,100,100,0,2,2,0
236,2,Direxion Daily Retail Bull 2X Shares,"['Direxion Daily Retail Bull 3X Shares', 'Direxion Daily Retail Bull 2X Shares']",['RETL'],Direxion Daily Retail Bull 3X Shares,2,4,18,100,25,77.77777778,2,1,14,0
237,2,Direxion Daily Semiconductor Bull 3X Shares,['Direxion Daily Semiconductor Bull 3X Shares'],['SOXL'],Direxion Daily Semiconductor Bull 3X Shares,0,11,11,,54.54545455,100,0,6,11,0
238,2,Direxion Daily Natural Gas Related Bull 3X Shares,"['Direxion Daily Natural Gas Related Bull 2X Shares', 'Direxion Daily Natural Gas Related Bull 3X Shares']",['GASL'],Direxion Daily Natural Gas Related Bull 3X Shares,8,4,2,100,100,50,8,4,1,0
239,2,Direxion Daily Regional Banks Bull 3X Shares,['Direxion Daily Regional Banks Bull 3X Shares'],['DPST'],Direxion Daily Regional Banks Bull 3X Shares,0,2,0,,100,,0,2,0,0
240,2,Direxion NASDAQ-100 Equal Weighted Index Shares,['Direxion NASDAQ-100(R) Equal Weighted Index Shares'],['QQQE'],Direxion NASDAQ-100(R) Equal Weighted Index Shares,33,111,142,100,58.55855856,93.66197183,33,65,133,0
241,2,Direxion All Cap Insider Sentiment Shares,['Direxion All Cap Insider Sentiment Shares'],['KNOW'],Direxion All Cap Insider Sentiment Shares,7,29,31,71.42857143,58.62068966,77.41935484,5,17,24,0
242,2,Direxion Daily FTSE Europe Bull 3X Shares,"['Direxion Daily European Bull 3X Shares', 'Direxion Daily FTSE Europe Bull 3X Shares']",['EURL'],Direxion Daily FTSE Europe Bull 3X Shares,0,1,0,,0,,0,0,0,0
243,2,Direxion iBillionaire Index ETF,['Direxion iBillionaire Index ETF'],['IBLN'],Direxion iBillionaire Index ETF,4,29,28,100,44.82758621,57.14285714,4,13,16,0
244,2,SSGA Aggressive Global Allocation Portfolio,"['SSgA AGGRESSIVE GLOBAL ALLOCATION PORTFOLIO', 'SSGA AGGRESSIVE GLOBAL ALLOCATION PORTFOLIO']",[],SSGA AGGRESSIVE GLOBAL ALLOCATION PORTFOLIO,0,1,0,,0,,0,0,0,0
245,2,SSGA MFS Systematic Core Equity Portfolio,"['SSgA MFS SYSTEMATIC CORE EQUITY PORTFOLIO', 'SSGA MFS SYSTEMATIC CORE EQUITY PORTFOLIO']",[],SSgA MFS SYSTEMATIC CORE EQUITY PORTFOLIO,36,110,86,47.22222222,37.27272727,46.51162791,17,41,40,0
246,2,SSGA MFS Systematic Growth Equity Portfolio,"['SSgA MFS SYSTEMATIC GROWTH EQUITY PORTFOLIO', 'SSGA MFS SYSTEMATIC GROWTH EQUITY PORTFOLIO']",[],SSGA MFS SYSTEMATIC GROWTH EQUITY PORTFOLIO,25,107,97,44,44.85981308,59.79381443,11,48,58,0
247,2,SSGA MFS Systematic Value Equity Portfolio,"['SSgA MFS SYSTEMATIC VALUE EQUITY PORTFOLIO', 'SSGA MFS SYSTEMATIC VALUE EQUITY PORTFOLIO']",[],SSGA MFS SYSTEMATIC VALUE EQUITY PORTFOLIO,45,98,84,55.55555556,40.81632653,42.85714286,25,40,36,0
248,2,State Street Risk Aware Portfolio,['State Street Risk Aware Portfolio'],[],State Street Risk Aware Portfolio,28,32,32,23.21428571,18.75,25,6.5,6,8,0
249,2,SPDR MFS Systematic Core Equity ETF,['SPDR MFS Systematic Core Equity ETF'],['SYE'],SPDR MFS Systematic Core Equity ETF,3,19,27,66.66666667,84.21052632,48.14814815,2,16,13,0
250,2,SPDR MFS Systematic Growth Equity ETF,['SPDR MFS Systematic Growth Equity ETF'],['SYG'],SPDR MFS Systematic Growth Equity ETF,2,15,21,100,73.33333333,52.38095238,2,11,11,0
251,2,SPDR MFS Systematic Value Equity ETF,['SPDR MFS Systematic Value Equity ETF'],['SYV'],SPDR MFS Systematic Value Equity ETF,1,19,25,0,89.47368421,36,0,17,9,0
252,2,State Street Clarion Global Infrastructure & MLP Portfolio,['State Street Clarion Global Infrastructure & MLP Portfolio'],['SSIDX'],State Street Clarion Global Infrastructure & MLP Portfolio,14,9,10,71.42857143,77.77777778,80,10,7,8,0
253,2,State Street Defensive Global Equity Portfolio,"['State Street Global Managed Volatility Portfolio', 'State Street Disciplined Global Equity Portfolio', 'State Street Defensive Global Equity Portfolio']",['SSHAX'],State Street Disciplined Global Equity Portfolio,22,74,84,9.090909091,18.24324324,15.47619048,2,13.5,13,0
254,0,BlackRock High Yield V.I. Fund,['BlackRock High Yield V.I. Fund'],"['HICUI', 'HCIII']",['Class I' 'Class III'],0,1,1,,0,0,0,0,0,0
255,0,BlackRock High Yield Portfolio,['BlackRock High Yield Portfolio'],['BHYAX'],BlackRock High Yield Portfolio,0,1,1,,0,0,0,0,0,0
256,0,BlackRock Systematic Multi-Strategy Fund,"['BlackRock Alternative Capital Strategies Fund', 'BlackRock Systematic Multi-Strategy Fund']","['BAMBX', 'BIMBX']",['Institutional Shares' 'Investor A Shares' 'Investor C Shares'],0,11,13,,9.090909091,7.692307692,0,1,1,0
258,0,BlackRock Credit Strategies Income Fund,['BlackRock Credit Strategies Income Fund'],['BMSIX'],"['Class K Shares' 'Institutional Shares' 'Investor A Shares'
 'Investor C Shares']",0,1,1,,0,0,0,0,0,0
259,0,BlackRock Strategic Income Opportunities Portfolio,['BlackRock Strategic Income Opportunities Portfolio'],['BSIIX'],"['Class K Shares' 'Institutional Shares' 'Investor A Shares'
 'Investor C Shares']",0,2,8,,0,12.5,0,0,1,0
260,0,BlackRock High Yield Bond Portfolio,['BlackRock High Yield Bond Portfolio'],['BHYAX'],"['Class K Shares' 'Class R Shares' 'Institutional Shares'
 'Investor A Shares' 'Investor C Shares' 'Investor C1 Shares'
 'Service Shares']",0,1,1,,0,0,0,0,0,0
261,0,BlackRock U.S. Equity Factor Rotation ETF,['BlackRock U.S. Equity Factor Rotation ETF'],['DYNF'],BlackRock U.S. Equity Factor Rotation ETF,5,49,38,40,2.040816327,28.94736842,2,1,11,0
262,0,BlackRock Asian Dragon Fund,"['BLACKROCK PACIFIC FUND, INC.', 'BLACKROCK ASIAN DRAGON FUND, INC.']",['MAPCX'],['Class R' 'Institutional' 'Investor A' 'Investor C'],23,10,11,0,0,0,0,0,0,0
263,0,BlackRock Basic Value Fund,"['BLACKROCK BASIC VALUE FUND, INC.']",['MABAX'],"['Class K Shares' 'Class R' 'Institutional' 'Investor A' 'Investor B'
 'Investor C']",32,82,106,6.25,2.43902439,9.433962264,2,2,10,0
264,0,BlackRock High Income Fund,['BlackRock High Income Fund'],['BDHIX'],['Investor A' 'Investor B' 'Investor C' 'Investor C1' 'Institutional'],1,4,7,0,0,28.57142857,0,0,2,0
265,1,Vanguard International Value Fund,['Vanguard International Value Fund'],['VTRIX'],Investor Shares,13,7,23,19.23076923,7.142857143,10.86956522,2.5,0.5,2.5,0
267,0,BlackRock Balanced Capital Portfolio,['BlackRock Balanced Capital Portfolio'],['MACPX'],BlackRock Balanced Capital Portfolio,110,358,399,3.636363636,3.072625698,29.32330827,4,11,117,0
268,0,BlackRock Advantage Large Cap Core Portfolio,"['BlackRock Large Cap Core Portfolio', 'BlackRock Advantage Large Cap Core Portfolio']",['MALRX'],BlackRock Large Cap Core Portfolio,124,379,434,4.032258065,2.638522427,28.11059908,5,10,122,0
269,0,BlackRock Global Allocation Portfolio,['BlackRock Global Allocation Portfolio'],['MALOX'],BlackRock Global Allocation Portfolio,325,786,1020,2.769230769,1.781170483,28.7254902,9,14,293,0
270,0,BlackRock Capital Appreciation Portfolio,"['BlackRock Fundamental Growth Portfolio', 'BlackRock Capital Appreciation Portfolio']",['MAFGX'],BlackRock Capital Appreciation Portfolio,57,176,197,0,1.136363636,42.63959391,0,2,84,0
271,0,BlackRock High Yield Portfolio,"['BlackRock High Income Portfolio', 'BlackRock High Yield Portfolio']",['BDHIX'],BlackRock High Yield Portfolio,2,11,12,0,0,33.33333333,0,0,4,0
272,1,Vanguard Explorer Fund,['VANGUARD EXPLORER FUND'],"['VEXPX', 'VEXRX']",['Investor Shares' 'Admiral Shares'],68,66,238,27.20588235,33.33333333,45.16806723,18.5,22,107.5,0
273,0,BlackRock Managed Volatility V.I. Fund,"['BlackRock Balanced Capital V.I. Fund', 'BlackRock Managed Volatility V.I. Fund']",['AMBLI'],['Class I' 'Class II' 'Class III'],92,280,336,5.434782609,4.285714286,28.57142857,5,12,96,0
274,0,BlackRock S&P 500 Index V.I. Fund,['BlackRock S&P 500 Index V.I. Fund'],['BRVSSP'],['Class I' 'Class II' 'Class III'],521,1189,1545,3.071017274,1.766190076,34.95145631,16,21,540,0
275,0,BlackRock Advantage Large Cap Core V.I. Fund,"['BlackRock Large Cap Core V.I. Fund', 'BlackRock Advantage Large Cap Core V.I. Fund']","['LCATT', 'LCBTT', 'LVIII']",['Class I' 'Class II' 'Class III'],127,377,437,3.937007874,2.652519894,28.14645309,5,10,123,0
276,0,BlackRock Large Cap Focus Growth V.I. Fund,"['BlackRock Large Cap Growth V.I. Fund', 'BlackRock Large Cap Focus Growth V.I. Fund']",['MDFOX'],['Class I' 'Class II' 'Class III'],61,198,253,1.639344262,2.02020202,37.54940711,1,4,95,0
277,0,BlackRock Advantage Large Cap Value V.I. Fund,"['BlackRock Large Cap Value V.I. Fund', 'BlackRock Advantage Large Cap Value V.I. Fund']","['LCATT', 'LCBTT', 'LVIII']",['Class I' 'Class II' 'Class III'],125,335,386,4.8,2.985074627,23.31606218,6,10,90,0
278,0,BlackRock Advantage U.S. Total Market V.I. Fund,"['BlackRock Value Opportunities V.I. Fund', 'BlackRock Advantage U.S. Total Market V.I. Fund']","['SMCPI', 'SMCII', 'SCIII']",['Class I' 'Class II' 'Class III'],47,131,188,4.255319149,3.816793893,35.63829787,2,5,67,0
279,0,BlackRock Equity Dividend V.I. Fund,"['BlackRock Utilities and Telecommunications V.I. Fund', 'BlackRock Equity Dividend V.I. Fund']","['MBGUX', 'BRVSEDV']",['Class I' 'Class II' 'Class III'],184,392,423,2.173913043,0.765306122,18.91252955,4,3,80,0
280,0,BlackRock International V.I. Fund,"['BlackRock International Value V.I. Fund', 'BlackRock International V.I. Fund']",['IVVVI'],['Class I' 'Class II' 'Class III'],0,3,2,,0,50,0,0,1,0
281,0,BlackRock Basic Value V.I. Fund,['BlackRock Basic Value V.I. Fund'],"['BAVLI', 'BAVII', 'BVIII']",['Class I' 'Class II' 'Class III'],112,279,358,1.785714286,2.867383513,24.8603352,2,8,89,0
282,0,BlackRock Capital Appreciation V.I. Fund,"['BlackRock Fundamental Growth V.I. Fund', 'BlackRock Capital Appreciation V.I. Fund']","['FDGRI', 'FGIII']",['Class I' 'Class II' 'Class III'],57,176,197,0,1.136363636,42.63959391,0,2,84,0
283,0,BlackRock Global Opportunities V.I. Fund,"['BlackRock Global Growth VI Fund', 'BlackRock Global Opportunities VI Fund', 'BlackRock Global Opportunities V.I. Fund']",['FBPEC'],['Class I' 'Class II' 'Class III'],79,191,206,2.53164557,2.617801047,33.49514563,2,5,69,0
284,0,BlackRock Global Allocation V.I. Fund,['BlackRock Global Allocation V.I. Fund'],['FBMEC'],['Class I' 'Class II' 'Class III'],288,724,861,3.125,1.79558011,26.94541231,9,13,232,0
285,0,BlackRock High Yield V.I.Fund,"['BlackRock High Income V.I. Fund', 'BlackRock High Yield V.I.Fund']",['BRHYDVF'],['Class I' 'Class II' 'Class III'],2,11,12,0,0,33.33333333,0,0,4,0
286,0,BlackRock International Index V.I. Fund,['BlackRock International Index V.I. Fund'],['BIIVX'],Class I,0,1,0,,0,,0,0,0,0
287,1,Vanguard Value Index Fund,['Vanguard Value Index Fund'],"['VIVAX', 'VVIAX', 'VVISX', 'VIVIX', 'VTV']","['Investor Shares' 'Admiral Shares' 'Institutional Shares' 'ETF Shares'
 'Signal Shares']",6,16,43,41.66666667,40.625,39.53488372,2.5,6.5,17,0
288,1,Vanguard Growth Index Fund,['Vanguard Growth Index Fund'],"['VIGSX', 'VIGRX', 'VIGAX', 'VIGIX', 'VUG']","['Signal Shares' 'Investor Shares' 'Admiral Shares' 'Institutional Shares'
 'ETF Shares']",31,9,70,29.03225806,55.55555556,40,9,5,28,0
289,1,Vanguard Large-Cap Index Fund,['Vanguard Large-Cap Index Fund'],"['VLCSX', 'VLACX', 'VLCAX', 'VLISX', 'VV']","['Admiral Shares' 'ETF Shares' 'Institutional Shares' 'Investor Shares'
 'Signal Shares']",114,238,331,22.36842105,26.8907563,19.93957704,25.5,64,66,0
290,1,Vanguard Small-Cap Index Fund,['Vanguard Small-Cap Index Fund'],"['VSISX', 'NAESX', 'VSMAX', 'VSCIX', 'VB', 'VSCPX']","['Investor Shares' 'ETF Shares' 'Institutional Shares'
 'Institutional Plus Shares' 'Admiral Shares']",6,15,42,50,26.66666667,50,3,4,21,0
291,1,Vanguard Utilities Index Fund,['Vanguard Utilities Index Fund'],"['VUIAX', 'VPU']",['ETF Shares' 'Admiral Shares'],1,9,4,100,0,25,1,0,1,0
292,1,Vanguard International Growth Fund,['Vanguard International Growth Fund'],"['VWIGX', 'VWILX']",['Admiral Shares' 'Investor Shares'],15,24,28,23.33333333,8.333333333,7.142857143,3.5,2,2,0
293,1,Vanguard Morgan Growth Fund,['VANGUARD MORGAN GROWTH FUND'],"['VMRGX', 'VMRAX']",['Admiral Shares' 'Investor Shares'],180,497,664,20.27777778,20.72434608,16.64156627,36.5,103,110.5,0
294,0,BlackRock Focus Value Fund,"['BLACKROCK FOCUS VALUE FUND, INC.']",[],['Investor A' 'Investor B' 'Investor C' 'Institutional' 'Class R'],13,56,79,0,8.928571429,41.7721519,0,5,33,0
295,0,BlackRock Healthcare Fund,"['BLACKROCK HEALTHCARE FUND, INC.']",[],['Institutional' 'Class R' 'Investor A' 'Investor B' 'Investor C'],5,13,23,0,0,43.47826087,0,0,10,0
296,1,Vanguard Energy Fund,['Vanguard Energy Fund'],"['VGENX', 'VGELX']",['Investor Shares' 'Admiral Shares'],14,18,11,42.85714286,44.44444444,27.27272727,6,8,3,0
297,1,Vanguard Global Capital Cycles Fund,"['Vanguard Precious Metals and Mining Fund', 'Vanguard Global Capital Cycles Fund']",['VGPMX'],Investor Shares,1,5,1,0,10,100,0,0.5,1,0
298,1,Vanguard Dividend Appreciation Index Fund,['Vanguard Dividend Appreciation Index Fund'],"['VDAIX', 'VIG', 'VDADX']",['Admiral Shares' 'Investor Shares' 'ETF Shares'],3,27,27,0,3.703703704,7.407407407,0,1,2,0
299,1,Vanguard Developed Markets Index Fund,['Vanguard Developed Markets Index Fund'],"['VDMIX', 'VDMPX', 'VDMAX']",['Investor Shares' 'Institutional Shares' 'Institutional Plus Shares'],5,3,4,10,16.66666667,50,0.5,0.5,2,0
300,1,Vanguard LifeStrategy Growth Fund,['Vanguard LifeStrategy Growth Fund'],['VASGX'],Investor Shares,0,2,0,,0,,0,0,0,0
301,1,Vanguard Total International Stock Index Fund,['Vanguard Total International Stock Index Fund'],"['VGTSX', 'VTSNX', 'VTIAX', 'VXUS', 'VTPSX', 'VTSGX', 'VTISX']","['Investor Shares' 'Admiral Shares' 'Institutional Select Shares'
 'Institutional Plus Shares' 'Institutional Shares' 'ETF Shares']",187,160,210,19.51871658,8.4375,14.04761905,36.5,13.5,29.5,0
302,2,State Street Small-Cap Equity V.I.S. Fund,"['Small-Cap Equity Fund', 'State Street Small-Cap Equity V.I.S. Fund']","['GESQX', 'GESEX', 'SSSEX']",['Class 4 Shares' 'Class 1 Shares'],3,2,15,33.33333333,50,80,1,1,12,0
303,2,State Street Total Return V.I.S. Fund,"['Total Return Fund', 'State Street Total Return V.I.S. Fund']","['GETRX', 'GETTX', 'GETIX', 'SSTIX', 'SSTTX']",['Class 1 Shares' 'Class 2 Shares' 'Class 3 Shares'],220,411,528,8.863636364,6.569343066,30.11363636,19.5,27,159,0
304,2,State Street Real Estate Securities V.I.S. Fund,"['Real Estate Securities Fund', 'State Street Real Estate Securities V.I.S. Fund']","['GEREX', 'GEIRX', 'SSRSX']",['Class 4 Shares' 'Class 1 Shares'],2,1,10,100,100,80,2,1,8,0
305,2,State Street U.S. Equity V.I.S. Fund,"['U.S. Equity Fund', 'State Street U.S. Equity V.I.S. Fund']","['GEUSX', 'SSUSX']",['Class 1 Shares' 'Class 4 Shares'],52,176,190,7.692307692,6.534090909,22.63157895,4,11.5,43,0
306,2,State Street Core Value Equity V.I.S. Fund,"['Core Value Equity Fund', 'State Street Core Value Equity V.I.S. Fund']","['GEVEX', 'GEVQX', 'SSVEX']",['Class 1 Shares' 'Class 4 Shares'],37,108,129,0,0,22.48062016,0,0,29,0
307,2,State Street Premier Growth Equity V.I.S. Fund,"['Premier Growth Equity Fund', 'State Street Premier Growth Equity V.I.S. Fund']","['GEPGX', 'SPGSX']",Class 1 Shares,7,32,23,0,0,39.13043478,0,0,9,0
308,2,State Street S&P 500 Index V.I.S. Fund,"['S&P 500 Index Fund', 'State Street S&P 500 Index V.I.S. Fund']","['GESPX', 'SSSPX']",Class 1 Shares,113,310,476,21.68141593,17.41935484,31.09243697,24.5,54,148,0
309,1,Vanguard PRIMECAP Fund,['Vanguard PRIMECAP Fund'],"['VPMAX', 'VPMCX']",['Admiral Shares' 'Investor Shares'],49,163,227,31.63265306,25.4601227,12.7753304,15.5,41.5,29,0
310,1,Vanguard Institutional Target Retirement 2045 Fund,['Vanguard Institutional Target Retirement 2045 Fund'],['VITLX'],Institutional Shares,0,2,0,,0,,0,0,0,0
312,0,BlackRock Natural Resources Trust,['BLACKROCK NATURAL RESOURCES TRUST'],['MDGRX'],['Investor A' 'Investor B' 'Investor C' 'Institutional'],123,148,104,3.25203252,3.378378378,32.69230769,4,5,34,0
313,0,BlackRock Eurofund,['BLACKROCK EUROFUND'],['MAEFX'],['Class K' 'Class R' 'Institutional' 'Investor A' 'Investor C'],0,1,0,,0,,0,0,0,0
314,1,Vanguard Growth and Income Fund,['Vanguard Growth and Income Fund'],"['VQNPX', 'VGIAX']",['Investor Shares' 'Admiral Shares'],156,396,474,17.62820513,12.5,14.02953586,27.5,49.5,66.5,0
315,1,Vanguard Structured Broad Market,['Vanguard Structured Broad Market'],"['VSBMX', 'VSBPX']",['Institutional Shares' 'Institutional Plus Shares'],104,274,316,17.78846154,20.0729927,12.34177215,18.5,55,39,0
316,0,BlackRock Equity Dividend Fund,['BLACKROCK EQUITY DIVIDEND FUND'],['MADVX'],"['Service' 'Investor A' 'Investor B' 'Investor C' 'Investor C1'
 'Institutional' 'Class R']",204,455,529,1.960784314,2.197802198,24.00756144,4,10,127,0
317,1,Vanguard Equity Income Fund,['Vanguard Equity Income Fund'],"['VEIPX', 'VEIRX']",['Investor Shares' 'Admiral Shares'],108,236,313,30.09259259,30.72033898,7.348242812,32.5,72.5,23,0
318,1,Vanguard PRIMECAP Core Fund,['Vanguard PRIMECAP Core Fund'],['VPCCX'],Investor Shares,39,198,195,8.974358974,10.1010101,12.30769231,3.5,20,24,0
319,2,SSGA Core Opportunities Fund,['SSgA Core Opportunities Fund'],"['SSGWX', 'SCPRX']",['Institutional' 'Class R'],0,4,3,,25,0,0,1,0,0
320,2,State Street International Stock Selection Fund,"['SSgA International Stock Selection Fund', 'SSGA International Stock Selection Fund', 'State Street International Stock Selection Fund']","['SSAIX', 'SSARX', 'SSILX', 'SSIOX', 'SSIPX', 'SSIQX']",['Class N' 'Class R' 'Class A' 'Class C' 'Class I' 'Class K'],8,8,19,12.5,0,15.78947368,1,0,3,0
321,2,SSGA Clarion Real Estate Fund,"['SSgA Tuckerman Active REIT Fund', 'SSgA Clarion Real Estate Fund', 'SSGA Clarion Real Estate Fund']","['SSREX', 'SSRVX', 'SSRWX', 'SSRYX', 'SSRZX']",Institutional,6,0,29,41.66666667,,41.37931034,2.5,0,12,0
322,2,SSGA Aggressive Equity Fund,['SSgA Aggressive Equity Fund'],"['SSAEX', 'SAERX']",['Institutional' 'Class R'],0,2,0,,0,,0,0,0,0
323,2,SSGA IAM SHARES Fund,['SSgA IAM SHARES Fund'],['SIAMX'],Institutional,228,509,687,86.40350877,83.10412574,89.37409025,197,423,614,0
324,2,SSGA Concentrated Growth Opportunities,['SSgA Concentrated Growth Opportunities'],['SSLOX'],Institutional,0,2,0,,50,,0,1,0,0
325,2,SSGA Directional Core Equity Fund,['SSgA Directional Core Equity Fund'],['SDCQX'],Institutional,63,142,171,23.01587302,22.53521127,15.78947368,14.5,32,27,0
326,2,SSGA Enhanced Small Cap Fund,"['SSgA Enhanced Small Cap Fund', 'SSGA Enhanced Small Cap Fund']","['SESPX', 'SSESX', 'SSEUX', 'SSEVX', 'SSEWX']",Institutional,35,26,122,57.14285714,44.23076923,66.39344262,20,11.5,81,0
327,2,SSGA Disciplined Equity Fund,['SSgA Disciplined Equity Fund'],['SSMTX'],Institutional,117,278,384,22.22222222,19.78417266,16.92708333,26,55,65,0
328,2,State Street Dynamic Small Cap Fund,"['SSgA Small Cap Fund', 'SSgA Dynamic Small Cap Fund', 'SSGA Dynamic Small Cap Fund', 'State Street Dynamic Small Cap Fund']","['SVSCX', 'SSCRX', 'SSSDX', 'SSSHX', 'SSSJX', 'SSSKX']",['Class A' 'Class C' 'Class I' 'Class K' 'Class N'],16,16,59,46.875,71.875,58.47457627,7.5,11.5,34.5,0
330,2,SSGA Core Edge Equity Fund,['SSgA Core Edge Equity Fund'],['SSCSX'],SSgA Core Edge Equity Fund,26,82,137,26.92307692,20.73170732,14.59854015,7,17,20,0
331,0,BlackRock Global Allocation Fund,"['BLACKROCK GLOBAL ALLOCATION FUND, INC.']",['MALOX'],['Investor A' 'Investor B' 'Investor C' 'Institutional' 'Class R'],288,725,862,3.125,1.793103448,27.03016241,9,13,233,0
332,0,BlackRock Strategic Global Bond Fund,"['BLACKROCK WORLD INCOME FUND, INC.', 'BlackRock Strategic Global Bond Fund, Inc.']",['MAWIX'],['Class K' 'Institutional' 'Investor A' 'Investor C' 'Investor C1'],0,6,8,,0,0,0,0,0,0
333,1,Vanguard Asset Allocation Fund,['Vanguard Asset Allocation Fund'],"['VAAPX', 'VAARX']",['Investor Shares' 'Admiral Shares'],62,138,211,47.58064516,45.28985507,14.4549763,29.5,62.5,30.5,0
334,1,Vanguard Capital Value Fund,['Vanguard Capital Value Fund'],['VCVLX'],Investor Shares,6,48,61,0,18.75,11.47540984,0,9,7,0
335,1,Vanguard U.S. Value Fund,['Vanguard U.S. Value Fund'],['VUVLX'],Investor Shares,89,187,207,19.66292135,22.19251337,11.352657,17.5,41.5,23.5,0
336,0,BlackRock Mid Cap Growth Equity Portfolio,['BLACKROCK MID CAP GROWTH EQUITY PORTFOLIO'],"['BMRRX', 'BMGCX', 'CMGIX', 'CMGSX', 'BMGAX', 'BMGBX']","['R Shares' 'INVESTOR C' 'INSTITUTIONAL' 'SERVICE' 'INVESTOR A'
 'INVESTOR B']",22,22,50,4.545454545,4.545454545,64,1,1,32,0
337,0,BlackRock Small Cap Value Equity Portfolio,['BLACKROCK SMALL CAP VALUE EQUITY PORTFOLIO'],"['PNSEX', 'PSESX', 'PSEIX', 'CCVBX', 'BSCCX', 'BSEBX']","['INSTITUTIONAL' 'SERVICE' 'INVESTOR A' 'R Shares' 'INVESTOR B'
 'INVESTOR C' 'BLACKROCK']",3,2,7,66.66666667,0,71.42857143,2,0,5,0
338,0,BlackRock Advantage Small Cap Growth Fund,"['BLACKROCK SMALL CAP GROWTH EQUITY PORTFOLIO', 'BLACKROCK ADVANTAGE SMALL CAP GROWTH FUND']","['PSGIX', 'PCGEX', 'CSGEX', 'CSGBX', 'CGICX']",['Class K' 'R Shares' 'INVESTOR C' 'INVESTOR A' 'SERVICE' 'INSTITUTIONAL'],11,10,39,0,0,79.48717949,0,0,31,0
339,0,BlackRock Small Cap Core Equity,['BLACKROCK SMALL CAP CORE EQUITY'],"['BSQCX', 'BSQIX', 'BSQSX', 'BSQAX', 'BSQBX']","['INVESTOR C' 'R Shares' 'INSTITUTIONAL' 'SERVICE' 'INVESTOR A'
 'INVESTOR B']",1,2,8,100,0,62.5,1,0,5,0
340,0,BlackRock High Equity Income Fund,"['BLACKROCK U.S. OPPORTUNITIES EQUITY PORTFOLIO', 'BLACKROCK U.S. OPPORTUNITIES PORTFOLIO', 'BLACKROCK HIGH EQUITY INCOME FUND']","['BMCIX', 'BMCSX', 'BMEAX', 'BRMBX', 'BMECX']","['R Shares' 'INSTITUTIONAL' 'SERVICE' 'INVESTOR A' 'INVESTOR C'
 'INVESTOR B']",42,69,203,7.142857143,2.898550725,38.42364532,3,2,78,0
341,0,BlackRock Technology Opportunities Fund,"['BLACKROCK GLOBAL SCIENCE & TECHNOLOGY OPPORTUNITIES PORTFOLIO', 'BLACKROCK SCIENCE & TECHNOLOGY OPPORTUNITIES PORTFOLIO', 'BlackRock Technology Opportunities Fund']","['BGSIX', 'BSTSX', 'BGSAX', 'BGSBX', 'BGSCX']","['INSTITUTIONAL' 'SERVICE' 'INVESTOR A' 'INVESTOR B' 'INVESTOR C'
 'R Shares']",50,163,197,2,4.294478528,52.79187817,1,7,104,0
342,0,BlackRock International Dividend Fund,"['INTERNATIONAL OPPORTUNITIES EQUITY PORTFOLIO', 'INTERNATIONAL OPPORTUNITIES PORTFOLIO', 'BLACKROCK INTERNATIONAL OPPORTUNITIES PORTFOLIO', 'BLACKROCK INTERNATIONAL DIVIDEND FUND']","['BISIX', 'BRESX', 'BREAX', 'BREBX', 'BRECX']","['Class K' 'R Shares' 'INSTITUTIONAL' 'INVESTOR A' 'INVESTOR B'
 'INVESTOR C' 'SERVICE']",5,8,24,20,0,29.16666667,1,0,7,0
343,0,BlackRock All-Cap Energy & Resources Portfolio,['BLACKROCK ALL-CAP ENERGY & RESOURCES PORTFOLIO'],"['BACAX', 'BACBX', 'BACCX', 'BACIX', 'BACSX']","['R Shares' 'INVESTOR A' 'INVESTOR B' 'INVESTOR C' 'BLACKROCK'
 'INSTITUTIONAL' 'SERVICE']",122,109,86,4.918032787,3.669724771,34.88372093,6,4,30,0
344,0,BlackRock Tactical Opportunities Fund,"['BLACKROCK ASSET ALLOCATION', 'BLACKROCK MANAGED VOLATILITY PORTFOLIO', 'BLACKROCK TACTICAL OPPORTUNITIES FUND']","['PBAIX', 'PCBSX', 'PCBAX', 'CBIBX', 'BRBCX']","['Class K Shares' 'R Shares' 'INVESTOR C' 'INVESTOR B' 'INSTITUTIONAL'
 'INVESTOR A' 'SERVICE']",236,505,676,3.389830508,2.376237624,35.20710059,8,12,238,0
345,0,BlackRock Advantage Large Cap Growth Fund,"['BLACKROCK MID CAP VALUE', 'BLACKROCK FLEXIBLE EQUITY FUND', 'BLACKROCK ADVANTAGE LARGE CAP GROWTH FUND']","['CMVIX', 'CMVSX', 'BMCAX', 'BMCVX', 'BMCCX']","['Class K' 'R Shares' 'INVESTOR A' 'INVESTOR C' 'INVESTOR B'
 'INSTITUTIONAL' 'SERVICE']",53,171,211,5.660377358,1.169590643,35.07109005,3,2,74,0
346,0,BlackRock Aurora Portfolio,['BLACKROCK AURORA PORTFOLIO'],"['SSRPX', 'SSRRX', 'SSRDX', 'SSRCX', 'SSRSX', 'SSRAX']",['INVESTOR B' 'R' 'INVESTOR C' 'INSTITUTIONAL' 'SERVICE' 'INVESTOR A'],4,5,14,75,0,71.42857143,3,0,10,0
347,0,BlackRock Small/Mid Cap Growth Portfolio,['BLACKROCK SMALL/MID CAP GROWTH PORTFOLIO'],"['SSPRX', 'SSEGX', 'SSPSX', 'SCGAX', 'SRCBX', 'SGCDX']",['R' 'INSTITUTIONAL' 'SERVICE' 'INVESTOR A' 'INVESTOR B' 'INVESTOR C'],2,2,6,0,0,66.66666667,0,0,4,0
348,0,BlackRock Capital Appreciation Portfolio,['BLACKROCK CAPITAL APPRECIATION PORTFOLIO'],"['SRLSX', 'SSSLX', 'SRLAX', 'SRLPX', 'SRLCX']","['INSTITUTIONAL' 'SERVICE' 'INVESTOR A' 'INVESTOR B' 'R Shares'
 'INVESTOR C']",13,44,63,0,6.818181818,47.61904762,0,3,30,0
349,0,BlackRock Health Sciences Opportunities Portfolio,['BLACKROCK HEALTH SCIENCES OPPORTUNITIES PORTFOLIO'],"['SHSSX', 'SHISX', 'SHSAX', 'SHSPX', 'SHSCX']","['R Shares' 'INSTITUTIONAL' 'SERVICE' 'INVESTOR A' 'INVESTOR B'
 'INVESTOR C']",24,86,158,0,2.325581395,22.78481013,0,2,36,0
350,0,BlackRock Exchange Portfolio,['BLACKROCK EXCHANGE PORTFOLIO'],['STSEX'],BLACKROCK,64,183,192,3.125,1.092896175,14.0625,2,2,27,0
351,0,BlackRock Advantage International Fund,"['BLACKROCK GLOBAL OPPORTUNITIES PORTFOLIO', 'BLACKROCK ADVANTAGE INTERNATIONAL FUND']",['BROIX'],"['R Shares' 'INVESTOR C CLASS' 'INSTITUTIONAL CLASS' 'SERVICE CLASS'
 'INVESTOR A CLASS' 'INVESTOR B CLASS']",64,133,145,1.5625,0,26.89655172,1,0,39,0
352,0,BlackRock World Gold Fund,['BlackRock World Gold Fund'],['MIGGMFI'],['Investor C' 'Institutional' 'Investor A'],3,2,1,0,0,100,0,0,1,0
353,0,BlackRock Emerging Markets Dividend Fund,"['BlackRock China Fund', 'BlackRock Emerging Markets Dividend Fund']","['BLKCHA2', 'BACHX']",['Institutional Shares' 'Investor A Shares' 'Investor C Shares'],3,6,9,0,0,55.55555556,0,0,5,0
354,0,BlackRock Global Long/Short Credit Fund,"['BlackRock Absolute Return Global Bond Portfolio', 'BlackRock Global Long/Short Credit Fund']","['BRGARA2', 'BGCIX']",['Institutional Shares' 'Investor A Shares' 'Investor C Shares'],9,12,10,0,0,10,0,0,1,0
355,0,BlackRock Commodity Strategies Fund,"['BlackRock Commodity Strategies Portfolio', 'BlackRock Commodity Strategies Fund']",['BICSX'],['Investor A Shares' 'Investor C Shares' 'Institutional Shares'],65,75,45,4.615384615,1.333333333,20,3,1,9,0
357,0,BlackRock Real Estate Securities Fund,['BlackRock Real Estate Securities Fund'],['BIREX'],['Class K' 'Institutional Shares' 'Investor A Shares' 'Investor C Shares'],1,2,7,0,0,14.28571429,0,0,1,0
358,0,BlackRock Advantage Small Cap Core Fund,"['BlackRock Disciplined Small Cap Core Fund', 'BlackRock Advantage Small Cap Core Fund']","['BDSAX', 'BDSCX', 'BDSIX', 'BDSKX']",['Investor A Shares' 'Investor C Shares' 'Institutional Shares' 'Class K'],7,14,43,0,7.142857143,69.76744186,0,1,30,0
359,0,BlackRock Multi-Manager Alternative Strategies Fund,"['BlackRock Multi-Manager Alternatives Fund', 'BlackRock Multi-Manager Alternative Strategies Fund']",['BSASA2U'],['Institutional Shares' 'Investor A Shares' 'Investor C Shares'],4,12,21,0,0,28.57142857,0,0,6,0
360,0,BlackRock Macro Themes Fund,['BlackRock Macro Themes Fund'],['BTHIX'],['Institutional' 'Investor A' 'Investor C'],11,24,10,9.090909091,0,20,1,0,2,0
361,0,BlackRock Alternative Capital Strategies Fund,['BlackRock Alternative Capital Strategies Fund'],['BAMBX'],['Institutional' 'Investor A' 'Investor C'],16,43,31,0,0,6.451612903,0,0,2,0
362,0,iShares Russell Mid-Cap Index Fund,"['BlackRock Midcap Index Fund', 'iShares Russell Mid-Cap Index Fund']",['BRMIX'],['Class K' 'Institutional' 'Investor A'],86,138,236,9.302325581,7.971014493,37.28813559,8,11,88,0
364,0,iShares MSCI Developed World Index Fund,"['BlackRock MSCI World Index Fund', 'iShares MSCI Developed World Index Fund']",['BGIWEA2'],['Class K' 'Institutional'],180,372,355,6.111111111,1.344086022,17.74647887,11,5,63,0
365,0,iShares Developed Real Estate Index Fund,"['BlackRock Developed Real Estate Index Fund', 'iShares Developed Real Estate Index Fund']",['BKRDX'],['Class K' 'Institutional' 'Investor A'],1,2,7,0,0,28.57142857,0,0,2,0
366,0,iShares Total U.S. Stock Market Index Fund,"['BlackRock Total Stock Market Index Fund', 'iShares Total U.S. Stock Market Index Fund']",['BASMX'],['Class K' 'Institutional' 'Investor A'],143,355,427,6.293706294,3.38028169,26.2295082,9,12,112,0
367,0,iShares Russell Small/Mid-Cap Index Fund,"['BlackRock Small/Mid Cap Index Fund', 'iShares Russell Small/Mid-Cap Index Fund']",['BASMAX'],['Class K' 'Institutional' 'Investor A'],19,6,44,0,0,52.27272727,0,0,23,0
368,0,BlackRock Impact U.S. Equity Fund,['BlackRock Impact U.S. Equity Fund'],['BIRAX'],['Class K' 'Institutional' 'Investor A' 'Investor C'],65,208,204,3.076923077,0.961538462,19.11764706,2,2,39,0
369,0,BlackRock Emerging Markets Equity Strategies Fund,['BlackRock Emerging Markets Equity Strategies Fund'],['BEFAX'],['Class K' 'Institutional' 'Investor A' 'Investor C'],0,0,1,,,0,0,0,0,0
370,0,iShares Edge MSCI Multifactor USA Index Fund,"['BlackRock Multifactor USA Index Fund', 'iShares Edge MSCI Multifactor USA Index Fund']",['BKMFX'],['Class K' 'Institutional' 'Investor A' 'Investor C'],10,28,42,10,0,14.28571429,1,0,6,0
371,0,iShares Edge MSCI Multifactor Intl Index Fund,"['BlackRock Multifactor International Index Fund', 'iShares Edge MSCI Multifactor Intl Index Fund']",['BIIMX'],['Class K' 'Institutional' 'Investor A' 'Investor C'],0,2,2,,0,0,0,0,0,0
372,0,iShares Edge MSCI Min Vol USA Index Fund,"['BlackRock Min Vol USA Index Fund', 'iShares Edge MSCI Min Vol USA Index Fund']",['BIMVX'],['Class K' 'Institutional' 'Investor A' 'Investor C'],20,109,85,5,3.669724771,17.64705882,1,4,15,0
373,0,iShares Edge MSCI Min Vol EAFE Index Fund,"['BlackRock Min Vol EAFE Index Fund', 'iShares Edge MSCI Min Vol EAFE Index Fund']",['BIEVX'],['Class K' 'Institutional' 'Investor A' 'Investor C'],1,2,3,0,0,0,0,0,0,0
374,0,iShares Edge MSCI USA Momentum Factor Index Fund,['iShares Edge MSCI USA Momentum Factor Index Fund'],['MTUM'],['Class K' 'INSTITUTIONAL'],3,31,30,0,0,26.66666667,0,0,8,0
375,0,iShares Edge MSCI USA Quality Factor Index Fund,['iShares Edge MSCI USA Quality Factor Index Fund'],['QUAL'],['Class K' 'INSTITUTIONAL'],9,30,22,11.11111111,0,4.545454545,1,0,1,0
376,0,iShares Edge MSCI USA Size Factor Index Fund,['iShares Edge MSCI USA Size Factor Index Fund'],[],['Class K' 'INSTITUTIONAL'],52,121,127,9.615384615,3.305785124,19.68503937,5,4,25,0
377,0,iShares Edge MSCI USA Value Factor Index Fund,['iShares Edge MSCI USA Value Factor Index Fund'],[],['Class K' 'INSTITUTIONAL'],16,31,47,6.25,0,8.510638298,1,0,4,0
379,0,BlackRock Emerging Markets Fund,"['BLACKROCK GLOBAL EMERGING MARKETS FUND, INC.', 'BLACKROCK EMERGING MARKETS FUND, INC.']",['MADCX'],['Institutional' 'Investor A' 'Investor B' 'Investor C'],0,0,4,,,25,0,0,1,0
380,1,Vanguard Emerging Markets Stock Index Fund,['Vanguard Emerging Markets Stock Index Fund'],"['VEIEX', 'VEMAX', 'VERSX', 'VEMIX', 'VWO', 'VEMRX']","['Investor Shares' 'Admiral Shares' 'Institutional Shares'
 'Institutional Plus Shares' 'Signal Shares' 'ETF Shares']",0,0,1,,,100,0,0,1,0
381,1,Vanguard European Stock Index Fund,['Vanguard European Stock Index Fund'],"['VEUSX', 'VESIX', 'VGK', 'VESSX', 'VEURX', 'VEUPX']","['Admiral Shares' 'Institutional Shares' 'ETF Shares'
 'Institutional Plus Shares' 'Signal Shares' 'Investor Shares']",1,3,0,50,16.66666667,,0.5,0.5,0,0
382,1,Vanguard Pacific Stock Index Fund,['Vanguard Pacific Stock Index Fund'],"['VPACX', 'VPADX', 'VPKIX', 'VPL', 'VPASX', 'VPAPX']","['Investor Shares' 'Admiral Shares' 'Institutional Plus Shares'
 'Signal Shares' 'Institutional Shares' 'ETF Shares']",37,16,18,0,0,16.66666667,0,0,3,0
383,1,Vanguard FTSE All-World ex-US Index Fund,['Vanguard FTSE All-World ex-US Index Fund'],"['VFWIX', 'VEU', 'VFWSX', 'VFWPX', 'VFWAX']","['ETF Shares' 'Admiral Shares' 'Investor Shares'
 'Institutional Plus Shares' 'Institutional Shares']",28,38,20,0,2.631578947,5,0,1,1,0
384,1,Vanguard Total World Stock Index Fund,['Vanguard Total World Stock Index Fund'],"['VT', 'VTWIX', 'VTWSX', 'VTWAX']",['ETF Shares' 'Institutional Shares' 'Investor Shares'],107,225,333,19.62616822,12.88888889,22.52252252,21,29,75,0
386,1,Real Estate Index Portfolio,"['REIT Index Portfolio', 'Real Estate Index Portfolio']",[],REIT Index Portfolio,0,0,1,,,100,0,0,1,0
387,1,Total Stock Market Index Portfolio,['Total Stock Market Index Portfolio'],[],Total Stock Market Index Portfolio,0,1,0,,0,,0,0,0,0
388,1,Capital Growth Portfolio,['Capital Growth Portfolio'],[],Capital Growth Portfolio,37,148,153,12.16216216,21.28378378,12.41830065,4.5,31.5,19,0
389,1,Equity Income Portfolio,['Equity Income Portfolio'],[],Equity Income Portfolio,34,52,64,20.58823529,22.11538462,7.8125,7,11.5,5,0
390,1,Mid-Cap Index Portfolio,['Mid-Cap Index Portfolio'],[],Mid-Cap Index Portfolio,21,51,87,47.61904762,21.56862745,27.5862069,10,11,24,0
391,1,Vanguard Institutional Index Fund,['Vanguard Institutional Index Fund'],"['VINIX', 'VIIIX']",['Institutional Plus Shares' 'Institutional Shares'],450,1083,1498,22.77777778,21.6066482,16.42189586,102.5,234,246,0
392,0,BlackRock Utilities & Telecommunications Fund,"['BLACKROCK UTILITIES & TELECOMMUNICATIONS FUND, INC.']",['MBGUX'],"['Institutional' 'Investor B' 'Investor C' 'Investor A' 'Investor B1'
 'Investor C1']",22,15,67,4.545454545,0,47.76119403,1,0,32,0
394,0,BlackRock Capital Appreciation Fund,"['BLACKROCK FUNDAMENTAL GROWTH FUND, INC.', 'BLACKROCK CAPITAL APPRECIATION FUND, INC.']",['MAFGX'],"['Investor A' 'Investor B' 'Investor C' 'Institutional' 'Class R'
 'BlackRock Shares']",64,201,228,0,1.492537313,41.66666667,0,3,95,0
395,1,Vanguard Balanced Index Fund,['VANGUARD BALANCED INDEX FUND'],"['VBASX', 'VBINX', 'VBIAX', 'VBAIX']",['INSTITUTIONAL SHARES' 'Signal Shares' 'ADMIRAL SHARES' 'INVESTOR SHARES'],506,1064,1791,25.29644269,24.81203008,23.61809045,128,264,423,0
396,1,Vanguard Managed Payout Fund,"['Vanguard Managed Payout Growth and Distribution Fund', 'Vanguard Managed Payout Fund']",['VPGDX'],Investor Shares,0,4,0,,0,,0,0,0,0
397,1,Vanguard S&P 500 Growth Index Fund,['Vanguard S&P 500 Growth Index Fund'],"['VSPGX', 'VOOG']",['Institutional Shares' 'ETF Shares'],159,433,525,16.35220126,18.93764434,17.42857143,26,82,91.5,0
398,1,Vanguard S&P Mid-Cap 400 Growth Index Fund,['Vanguard S&P Mid-Cap 400 Growth Index Fund'],"['IVOG', 'VMFGX']",['ETF Shares' 'Institutional Shares'],7,5,26,28.57142857,30,30.76923077,2,1.5,8,0
399,1,Vanguard S&P Small-Cap 600 Index Fund,['Vanguard S&P Small-Cap 600 Index Fund'],"['VIOO', 'VSMSX']",['ETF Shares' 'Institutional Shares'],0,1,10,,0,60,0,0,6,0
400,2,LVIP Blended Large Cap Growth Managed Volatility Fund,"['LVIP Janus Capital Appreciation Fund', 'LVIP UBS Large Cap Growth RPM Fund', 'LVIP UBS Large Cap Growth Managed Volatility Fund', 'LVIP Blended Large Cap Growth Managed Volatility Fund']",[],['Service Class' 'Standard Class'],6,32,30,0,0,66.66666667,0,0,20,0
401,2,LVIP BlackRock Global Real Estate Fund,"['LVIP Cohen & Steers Global Real Estate Fund', 'LVIP Clarion Global Real Estate Fund', 'LVIP BlackRock Global Real Estate Fund']",[],['Service Class' 'Standard Class'],1,4,20,0,0,75,0,0,15,0
402,0,BlackRock Mid Cap Dividend Fund,"['BlackRock Mid Cap Value Opportunities Fund', 'BlackRock Mid Cap Dividend Fund']",['MARFX'],['Class R' 'Institutional' 'Investor A' 'Investor B' 'Investor C'],36,51,120,2.777777778,1.960784314,45,1,1,54,0
403,0,BlackRock Advantage Global Fund,"['BLACKROCK GLOBAL SMALLCAP FUND, INC.', 'BLACKROCK ADVANTAGE GLOBAL FUND, INC.']",['MAGCX'],"['Class K' 'Class R' 'Institutional' 'Investor A' 'Investor B'
 'Investor C']",26,117,168,3.846153846,2.564102564,26.78571429,1,3,45,0
404,1,Vanguard Tax-Managed Balanced Fund,['Vanguard Tax-Managed Balanced Fund'],['VTMFX'],Admiral Shares,343,773,1153,30.17492711,25.03234153,16.43538595,103.5,193.5,189.5,0
405,1,Vanguard Tax-Managed Small-Cap Fund,['Vanguard Tax-Managed Small-Cap Fund'],"['VTMSX', 'VTSIX']",['Admiral Shares' 'Institutional Shares'],4,5,26,25,20,46.15384615,1,1,12,0
409,0,iShares MSCI Japan ETF,"['iShares MSCI Japan Index Fund', 'iShares MSCI Japan ETF']",['EWJ'],iShares MSCI Japan Index Fund,3,4,16,0,0,6.25,0,0,1,0
413,0,iShares MSCI Canada ETF,"['iShares MSCI Canada Index Fund', 'iShares MSCI Canada ETF']",['EWC'],iShares MSCI Canada Index Fund,4,2,33,0,0,0,0,0,0,0
415,0,iShares MSCI France ETF,"['iShares MSCI France Index Fund', 'iShares MSCI France ETF']",['EWQ'],iShares MSCI France Index Fund,0,0,1,,,0,0,0,0,0
416,0,iShares MSCI Eurozone ETF,"['iShares MSCI EMU Index Fund', 'iShares MSCI EMU ETF', 'iShares MSCI Eurozone ETF']",['EZU'],iShares MSCI EMU Index Fund,0,0,1,,,0,0,0,0,0
421,1,Vanguard Strategic Equity Fund,['Vanguard Strategic Equity Fund'],['VSEQX'],Investor Shares,2,15,18,25,20,50,0.5,3,9,0
422,1,Vanguard Capital Opportunity Fund,['Vanguard Capital Opportunity Fund'],"['VHCOX', 'VHCAX']",['Investor Shares' 'Admiral Shares'],55,158,171,20.90909091,20.25316456,19.29824561,11.5,32,33,0